defendant_zip,total_filed,total_default,total_judgment,total_plaintiff_won,total_immediate,median_principal,n_d_attorney,cases_plaintiff_business
20100,1,0,0,0,0,0,0,1
20103,1,0,0,0,0,0,1,0
20104,1,1,1,1,1,2256.65,0,0
20105,95,29,48,45,28,9400,4,17
20106,33,5,20,19,6,4015,2,8
20108,2,0,0,0,0,0,0,2
20109,4217,1260,1811,1802,958,2945,7,3828
20110,2182,591,924,915,422,3060.3950000000004,5,1719
20111,1580,468,674,671,324,3084,13,1279
20112,170,44,71,70,24,2900,1,86
20115,145,40,67,64,38,2188.285,4,111
20116,2,0,1,1,1,10500,0,2
20117,26,12,15,14,9,2769.4900000000002,2,16
20118,2,1,2,2,1,25979.7,0,2
20119,52,14,32,31,13,4280,2,17
20120,925,255,328,317,233,4110.17,19,754
20121,623,222,314,305,168,3888.66,18,478
20124,47,14,26,24,13,6800,4,14
20129,4,0,1,1,0,0,0,1
20130,5,1,2,2,2,0,0,2
20132,165,57,93,92,53,3228,7,124
20134,3,0,2,2,1,12228.75,1,3
20135,23,6,14,14,4,2800,0,11
20136,112,44,69,65,19,4071.69,2,35
20137,11,2,4,4,1,5000,0,1
20138,5,2,3,3,2,2750,0,2
20141,16,6,12,12,5,9093.560000000001,1,4
20143,6,1,1,1,1,6300,0,1
20144,16,4,8,6,4,7500,0,8
20146,3,0,0,0,0,0,0,2
20147,2613,763,1057,1046,718,3797.675,29,2392
20148,779,251,349,343,228,3916.04,16,669
20149,1,0,1,1,0,3136.4300000000003,1,1
20150,1,0,0,0,0,0,0,0
20151,361,68,115,108,56,4000,20,299
20152,229,64,95,89,51,4308.855,7,153
20155,593,178,253,250,135,2440.8,6,487
20156,1,1,1,1,0,11200,0,0
20158,13,4,9,9,3,2500,1,7
20161,1,1,1,1,0,4800,0,0
20164,605,173,282,276,149,5152.5,24,365
20165,628,185,260,259,176,3744.05,7,528
20166,1021,274,388,386,253,3012.22,12,955
20169,89,23,43,41,14,3757.5,1,45
20170,1192,347,499,494,349,3800,26,1018
20171,2549,735,937,926,751,4202.02,31,2416
20172,2,1,1,1,0,0,0,1
20175,447,124,194,189,129,3955.04,17,355
20176,2273,734,974,969,682,2829.54,37,2119
20178,3,2,2,2,2,5326.78,0,3
20179,1,0,1,1,0,4358,0,1
20180,39,7,18,15,8,4832.205,8,14
20181,64,20,35,34,10,3500,2,24
20184,9,2,5,5,3,19350,1,2
20186,346,93,185,178,97,2300,5,226
20187,75,23,46,44,23,4000,6,23
20190,1106,353,451,443,351,4802.5,27,1021
20191,930,272,367,358,239,3168.84,29,758
20192,5,0,1,1,0,3800,0,0
20194,232,65,86,86,61,5367.280000000001,6,205
20195,2,1,1,1,0,7376,0,1
20197,14,7,10,10,7,4265,0,0
20198,30,5,15,15,4,5031.12,2,17
22002,1,0,0,0,0,0,0,1
22003,2622,821,1087,1068,813,3142,63,2391
22011,2,0,1,1,0,7175,0,0
22012,39,16,16,16,17,3468,0,38
22015,164,51,77,72,33,3794.33,11,71
22017,1,0,1,1,0,5568,0,0
22020,2,1,2,2,0,4450,0,0
22023,1,0,0,0,0,0,0,1
22025,332,117,158,158,86,3866.15,8,237
22026,1853,687,933,926,470,2615.715,10,1556
22027,4,1,2,2,1,15000,0,1
22030,2182,624,811,794,600,4175.655,42,1992
22031,1787,607,725,721,588,5107.6,28,1690
22032,105,27,48,45,16,5120,9,47
22033,1686,523,658,652,501,3744.8100000000004,30,1477
22034,2,2,2,2,1,5768.29,0,1
22035,3,0,0,0,0,0,1,2
22036,5,2,3,3,2,4050,0,3
22037,3,0,0,0,0,0,0,0
22039,41,14,22,19,10,5021.605,1,17
22041,1752,594,774,761,599,3898.8300000000004,33,1593
22042,1386,392,520,517,410,3240,28,1253
22043,572,164,219,215,153,3894.52,26,493
22044,1004,283,423,414,200,3111,18,927
22046,271,73,114,111,50,4267.5,4,226
22047,3,2,2,2,2,2987.23,0,2
22048,1,1,1,1,1,3506,0,1
22053,2,0,2,2,2,21959.4,0,2
22055,2,0,0,0,0,0,0,1
22060,96,39,48,48,43,6051.96,4,89
22062,1,0,0,0,0,0,0,0
22065,1,0,0,0,0,0,0,1
22066,76,20,30,27,17,5556,18,18
22071,1,1,1,1,1,81467.95999999999,0,1
22079,1569,512,722,703,536,3323.65,41,1316
22091,2,2,2,2,1,0,0,1
22092,1,0,0,0,0,0,0,0
22093,1,0,1,1,0,4678.5,0,1
22101,85,24,43,37,16,6930,9,42
22102,1795,666,765,757,669,6237.075,39,1610
22105,2,1,1,1,0,2800,0,1
22110,2,2,2,2,2,17000,0,0
22112,1,0,0,0,0,0,0,1
22120,1,1,1,1,1,0,0,0
22121,1,0,1,1,0,2143.7,0,1
22124,46,11,18,18,9,3000,5,10
22125,6,2,6,6,2,5130,1,4
22134,70,21,38,37,15,1862.245,1,42
22135,1,0,0,0,0,0,0,0
22137,1,0,0,0,0,0,0,0
22139,1,0,0,0,0,0,0,0
22150,1046,326,449,443,320,3986.455,24,874
22151,501,140,200,194,64,2755.08,8,428
22152,316,93,131,123,81,3820.88,11,209
22153,167,51,84,79,41,5991.555,13,92
22158,1,1,1,1,1,3478,0,0
22170,2,0,0,0,0,0,0,1
22171,41,12,27,27,5,1569.8,0,39
22172,1607,597,808,800,443,2055,5,1449
22173,1,0,0,0,0,0,0,0
22175,1,1,1,1,0,6111,0,1
22180,478,156,207,200,151,4670.38,16,423
22181,130,33,44,44,13,3172,5,107
22182,617,203,242,241,209,6982.9000000000005,12,570
22191,10885,3912,5270,5254,2962,2910.09,25,9866
22192,2685,818,1163,1154,629,3872,19,2118
22193,2434,872,1278,1265,578,2870,12,1618
22194,2,2,2,2,2,0,0,1
22195,1,0,0,0,0,0,0,1
22199,2,1,1,1,0,3194.77,1,1
22201,1416,455,673,661,419,4334.795,9,1341
22202,2046,583,770,763,540,5906.205,15,1984
22203,1169,352,513,506,327,3811.98,12,1088
22204,5145,1545,2264,2241,1372,3272.15,31,4669
22205,287,75,139,135,69,3035.395,2,233
22206,2006,590,829,811,531,4180,6,1926
22207,449,144,198,191,120,3381.2599999999998,4,376
22208,2,1,1,1,1,3227.22,0,2
22209,846,276,373,368,252,4476.254999999999,5,762
22213,65,12,18,18,11,7143.45,0,60
22214,1,0,0,0,0,0,0,1
22222,1,0,1,1,0,2250,0,0
22230,1,1,1,1,1,0,0,1
22291,1,1,1,1,1,3053.12,0,1
22292,1,0,1,1,0,1822.98,0,1
22296,1,0,0,0,0,0,0,1
22301,450,127,190,186,120,3702.62,12,417
22302,1777,601,775,771,586,4304.68,17,1641
22303,2402,780,1000,997,684,4161.5650000000005,34,2298
22304,8605,2726,3625,3617,2621,3495.41,52,8357
22305,2939,942,1335,1333,961,3271.3050000000003,14,2848
22306,5074,1751,2291,2272,1737,2797.195,69,4496
22307,57,20,24,24,15,3575,4,23
22308,13,4,7,7,6,26021.42,2,5
22309,1516,455,650,638,390,2800,55,1210
22310,500,158,220,214,149,3370.7,22,340
22311,6503,2103,2785,2779,2122,3854.8,16,6449
22312,3607,1024,1384,1377,903,3638.0550000000003,54,3375
22313,2,0,1,1,0,5284,0,1
22314,2599,798,1101,1090,704,3443.52,34,1819
22315,859,284,345,342,272,3930.88,27,755
22318,1,0,0,0,1,0,0,1
22320,1,1,1,1,1,0,0,1
22325,2,0,1,1,0,6300,0,1
22327,2,2,2,2,2,4245,0,1
22370,1,0,0,0,0,0,0,0
22401,5910,1897,2920,2906,667,2562,53,5526
22402,1,0,1,1,0,3137.9900000000002,0,0
22403,1,0,1,0,0,550,0,1
22405,843,229,421,418,190,2800,24,359
22406,2345,742,1084,1079,651,2396,39,2109
22407,3706,1180,1770,1756,1056,2281.7,35,2995
22408,2119,702,1084,1070,600,2280,26,1628
22427,281,73,133,127,51,1695,0,202
22432,8,2,7,7,2,2500,0,1
22433,3,1,1,2,0,6057.5,0,1
22434,1,0,1,1,0,1000,0,0
22435,62,12,46,45,11,1875,2,20
22436,14,5,11,11,1,3234.755,1,1
22437,12,6,9,10,2,1700,1,1
22438,5,3,4,4,1,357.5,0,1
22442,2,1,1,1,0,4600,0,0
22443,491,193,282,280,2,1695,6,290
22446,1,1,1,1,0,1075,0,1
22448,1,0,0,0,0,0,0,0
22450,1,0,1,1,0,0,0,0
22454,40,14,25,25,2,1600,0,8
22460,44,3,25,25,6,2400,1,7
22469,63,15,46,46,0,1642.5,0,8
22472,4,2,4,4,0,1578,0,1
22473,88,28,55,51,13,1900,2,21
22476,7,1,4,4,1,1370,0,2
22480,10,4,7,7,3,830,1,4
22482,190,67,100,93,38,1025,6,113
22485,1067,341,527,523,130,2015,20,296
22488,22,5,13,13,0,2300,1,1
22503,181,57,103,101,34,1742,2,134
22504,9,3,4,4,3,1700,1,4
22506,1,0,0,0,0,0,0,0
22507,3,0,3,3,0,204.5,0,1
22508,221,65,137,135,31,2558.22,8,79
22509,2,1,2,2,0,2077.5,0,0
22511,21,10,18,17,7,2250,0,6
22513,1,1,1,1,0,0,0,1
22514,78,27,57,53,18,2400,2,25
22517,13,10,11,11,6,1270,0,8
22520,237,71,117,116,3,1550,4,160
22523,2,0,2,1,0,4750,0,1
22529,2,2,2,2,0,5400,0,1
22534,38,15,27,25,16,4650,2,12
22535,50,19,32,32,16,1927,0,9
22538,3,1,1,1,1,3876,0,1
22539,34,13,28,26,13,2062.5,0,12
22540,1,1,1,1,1,2231,0,0
22542,30,11,24,23,4,1250,2,10
22545,1,1,1,1,0,3172,0,0
22546,442,139,241,232,107,3100,2,231
22548,1,0,1,1,0,0,1,0
22551,440,140,232,229,130,3675.22,10,257
22553,528,190,289,286,154,3036.92,8,435
22554,3576,1073,1632,1618,904,2331.895,38,3095
22555,5,2,2,2,1,10425,0,3
22556,576,145,295,289,125,2800,19,391
22560,582,181,303,304,64,1198.5,3,393
22565,1,0,1,1,1,0,0,0
22567,50,13,32,32,7,1295.74,1,9
22572,165,32,102,97,15,1429,5,102
22576,28,9,17,17,3,2037.5,1,10
22577,1,0,0,0,0,0,0,1
22578,37,13,28,26,6,2600,1,16
22579,4,0,1,1,0,0,0,2
22580,191,40,90,83,32,1569.5,1,126
22584,1,1,1,1,0,0,0,0
22601,2644,945,1453,1415,399,2003.5,73,2047
22602,541,194,301,297,73,2556,23,363
22603,426,105,159,155,50,1950,9,350
22604,3,0,0,0,0,0,0,3
22610,26,10,17,17,0,2500,1,4
22611,157,41,70,69,9,2150,8,83
22620,17,7,10,10,0,2000,1,8
22623,13,1,7,6,2,1800,0,2
22624,23,13,18,17,5,1442.95,0,10
22625,37,7,16,15,1,1275,5,7
22626,1,0,1,1,0,1200,0,1
22627,12,1,7,7,3,875,0,2
22630,1639,573,989,980,41,1415,38,828
22637,15,5,9,9,2,2100,1,2
22639,4,0,1,1,1,0,0,0
22640,3,0,2,2,0,7800,0,1
22641,1,0,1,1,0,0,0,1
22642,45,18,32,30,0,1975,6,22
22643,4,0,1,1,1,0,1,0
22644,25,10,16,16,0,2635.3300000000004,1,9
22645,121,57,78,77,28,927,1,90
22646,1,0,0,0,0,0,1,0
22650,11,3,10,10,1,1700,0,2
22652,24,9,14,14,0,3005,0,0
22654,3,0,2,2,0,10150,0,3
22655,299,120,187,179,34,2850,7,131
22656,49,14,24,24,4,1174.125,4,19
22657,422,148,225,224,8,1900,9,197
22660,48,13,31,31,0,2000,2,13
22663,42,12,20,18,5,869,1,30
22664,419,190,285,286,17,2100.3100000000004,2,207
22669,1,1,1,1,0,2530,0,0
22701,1738,447,802,797,223,1733,20,1258
22709,12,4,10,10,0,3500,0,3
22711,1,0,1,1,0,0,0,0
22712,557,124,216,214,83,2172.495,4,497
22713,15,6,12,11,5,750,0,7
22714,12,4,6,6,3,2500,1,5
22715,9,2,8,8,1,2150,0,0
22716,9,1,3,3,0,686,0,1
22717,1,0,1,1,0,3700,0,1
22718,9,4,8,8,1,1760,1,4
22719,3,2,3,3,0,1793.35,0,1
22720,10,4,6,6,4,4087.71,3,1
22724,24,7,12,12,2,1750,2,6
22725,3,1,1,1,1,1500,0,3
22726,21,14,16,16,8,1497.9099999999999,0,12
22727,92,28,66,66,13,2059.675,2,37
22728,28,8,18,16,12,2900,1,9
22729,2,1,2,2,0,0,0,1
22730,1,0,0,0,0,0,0,1
22731,1,1,1,1,0,5650,0,0
22732,8,2,8,8,1,1090.76,0,2
22733,16,3,11,11,2,0,1,6
22734,96,24,54,53,25,2400,2,62
22735,25,4,18,18,2,2132,0,9
22736,1,0,1,1,0,5600,0,0
22737,31,10,19,18,6,1200,0,15
22738,15,3,9,9,0,3600,2,5
22740,14,5,7,7,2,2156.5,0,12
22742,14,7,9,8,6,6750,0,2
22743,3,2,2,2,0,0,0,1
22746,1,0,0,0,0,0,0,1
22747,8,1,4,4,1,1810,0,0
22748,2,1,1,1,1,4068,0,2
22749,11,2,5,5,1,975,0,10
22770,1,1,1,1,0,3705,1,1
22782,1,0,1,1,0,2550,0,0
22792,1,1,1,1,1,9540,0,0
22801,3327,783,1030,1021,415,1512.53,61,2497
22802,1639,492,686,669,262,1730,49,1237
22803,9,2,4,4,3,5461.5,1,7
22810,24,14,21,21,2,2700,0,11
22811,4,3,4,4,1,6470,0,2
22812,130,37,54,52,21,1739.53,6,93
22815,250,76,116,114,41,1875,5,155
22820,12,3,4,4,0,1157,0,10
22821,72,21,42,40,11,2051.425,4,39
22824,148,54,88,89,4,1000,6,87
22827,408,133,194,190,77,1511.07,15,252
22830,39,10,19,19,5,1390,3,13
22831,19,14,16,16,3,1999.91,0,3
22832,4,2,3,3,0,1700,0,1
22834,18,4,9,9,1,786.4499999999999,3,7
22835,506,176,350,348,31,1491.5,21,212
22839,1,0,1,0,0,0,0,0
22840,45,17,32,31,10,2300,1,4
22841,36,14,18,17,6,1500,3,14
22842,133,51,84,85,6,1702,3,57
22843,36,5,16,15,1,2050,2,20
22844,180,69,111,113,8,1675,3,130
22846,42,15,27,25,7,2816,1,14
22847,9,1,3,3,0,1782.5,1,3
22849,156,65,115,114,9,1500,3,40
22850,13,5,9,9,4,2575,0,3
22851,259,116,202,203,19,1305,11,52
22853,147,44,79,78,28,1600,8,55
22901,4966,1707,2217,2205,1602,2116,19,4654
22902,1133,333,593,584,396,1857.475,16,674
22903,2026,550,869,862,611,1703.425,30,1572
22904,5,0,1,1,0,4772.37,0,5
22905,5,1,2,2,1,1712.5,0,3
22906,1,0,0,0,0,0,0,1
22908,1,0,0,0,0,0,0,1
22911,463,153,216,213,127,2785.7250000000004,6,335
22912,1,0,1,1,1,0,0,1
22920,54,15,32,29,16,1255,0,23
22922,42,12,24,25,10,2387.5,2,11
22923,96,33,58,58,22,2279,1,35
22931,4,2,3,3,2,2810,1,1
22932,165,40,61,60,35,2675.11,2,108
22934,1,1,1,1,1,0,0,1
22935,16,4,8,7,5,2150,0,1
22936,59,23,31,30,20,2474.51,0,44
22937,16,5,13,13,8,1625,0,7
22938,21,4,16,15,5,1230,0,5
22939,204,49,71,69,1,1826.595,4,157
22940,12,4,6,6,5,1525,0,6
22942,352,95,180,178,26,2100,6,223
22943,6,1,3,3,1,4675,0,1
22946,2,0,1,1,1,0,0,0
22947,41,15,27,26,13,5200,1,15
22948,6,5,6,6,1,3100,0,0
22949,64,12,31,26,9,759.13,2,5
22952,39,11,21,20,1,1365.6799999999998,1,13
22954,1,0,1,1,1,0,0,0
22958,27,11,19,19,6,1500,0,9
22959,28,12,16,15,11,2710,0,7
22960,711,194,361,359,61,1696.4650000000001,8,338
22963,130,33,84,82,12,1550,2,40
22964,7,2,4,4,3,9620.69,0,0
22965,1,0,1,0,0,0,0,0
22967,17,4,8,9,8,800,0,6
22968,263,73,150,142,94,1798.5,4,171
22969,57,15,34,33,13,700,3,16
22971,29,9,19,19,9,650,0,13
22972,9,1,3,3,1,4200,1,3
22973,119,19,64,59,41,1800,1,39
22974,51,8,32,31,6,1760,2,25
22976,2,1,1,1,1,0,0,1
22980,2864,856,1287,1265,276,1475.2,66,1860
22983,1,0,0,0,0,0,0,0
22989,1,1,1,1,0,0,0,1
22991,1,1,1,1,1,0,0,1
23002,166,44,105,102,2,2000,4,69
23004,22,2,11,11,0,1790,0,3
23005,1457,439,604,599,213,1095.94,4,1238
23006,2,0,0,0,0,0,0,1
23009,291,92,146,142,83,1174.625,1,209
23011,9,2,6,6,3,4486.929999999999,0,5
23012,1,0,1,1,1,6400,0,0
23015,44,16,27,25,15,1500,0,19
23021,5,2,5,5,3,3200,0,0
23022,21,6,17,17,6,2812.5,1,3
23023,5,3,4,4,3,0,0,4
23024,128,38,83,82,12,1800,5,38
23025,15,5,12,12,9,1525,0,2
23027,53,10,31,30,2,1800,0,21
23029,1,1,1,1,0,2600,0,0
23030,83,21,56,55,29,2400,8,27
23031,2,0,0,0,0,0,0,2
23032,7,0,4,4,3,4000,0,3
23033,1,0,0,0,0,0,0,0
23035,31,14,19,18,10,1500,0,14
23036,1,0,0,0,0,0,0,0
23038,23,5,14,14,1,497.5,1,5
23039,8,1,5,5,0,6150,0,2
23040,158,37,87,80,14,2303.95,0,71
23041,2,0,1,1,1,1545,0,0
23043,32,10,19,19,17,1600,2,6
23045,1,0,1,1,0,0,0,1
23046,2,0,1,0,0,0,0,0
23047,19,5,12,12,2,2270.5,0,10
23050,21,6,12,13,7,847.5,1,8
23052,1,0,0,0,1,0,0,1
23053,1,0,0,0,0,0,0,0
23054,1,0,0,0,0,0,0,1
23055,14,5,9,9,0,1812.5,0,3
23056,6,1,4,3,3,0,0,1
23058,6,2,4,4,2,3690,0,4
23059,1679,556,729,722,286,1819.2,1,1537
23060,2128,741,1003,992,354,1723.44,4,1837
23061,545,158,308,302,238,2100,38,356
23062,225,61,89,88,68,1534.5349999999999,5,184
23063,71,22,41,43,4,1188.685,0,14
23064,1,0,1,1,1,0,0,0
23065,25,8,14,14,2,2800,0,5
23066,16,5,9,9,7,2095,0,5
23067,14,11,14,14,10,1450,0,14
23068,9,1,2,2,2,1803.375,1,0
23069,46,14,32,31,7,2152.25,0,23
23070,1,0,1,1,0,3750,0,1
23071,43,8,29,28,17,2607,1,24
23072,869,240,355,349,311,1350,34,741
23073,1,0,0,0,0,0,0,1
23074,1,1,1,1,0,0,0,1
23075,2800,1213,1595,1594,644,1222.53,5,2216
23076,8,3,6,6,2,2197.285,1,0
23079,1,1,1,1,1,5720,0,1
23083,33,8,20,20,1,2875.255,2,12
23084,16,5,14,14,1,511.59,0,5
23085,13,3,6,6,4,1500,0,2
23086,32,11,26,24,14,2500,2,4
23088,1,0,1,1,1,0,0,1
23089,102,29,55,51,21,3200,5,23
23091,6,1,4,4,2,1300,0,2
23092,9,3,5,6,5,3765,0,1
23093,585,119,239,238,23,2000,5,402
23102,16,4,10,8,2,4212.5,0,6
23103,20,9,14,14,0,2500,0,10
23105,1,1,1,1,1,3125,0,1
23106,13,2,6,6,3,2850,0,3
23107,14,5,12,12,11,2087.5,0,13
23108,1,0,0,0,1,0,0,0
23109,63,16,28,27,20,1425,0,12
23110,16,5,12,12,6,1867.5,1,3
23111,1059,394,573,567,212,1679,18,756
23112,3388,1212,1680,1678,1282,1960.27,20,2913
23113,1027,373,495,492,302,1593.7,2,951
23114,975,308,438,437,313,2348.02,7,884
23115,3,2,2,2,1,975,1,1
23116,289,82,151,145,57,3059,2,171
23117,402,144,261,260,36,1220,7,278
23118,1,0,0,0,0,0,0,1
23119,3,1,1,1,1,4500,0,0
23120,219,53,78,77,57,2897.25,2,180
23122,4,1,2,2,2,2075.66,0,4
23123,35,5,13,12,1,1980,2,4
23124,47,13,29,23,16,2250,4,8
23125,1,1,1,1,0,890,0,1
23126,12,4,6,6,4,950,0,2
23128,14,4,7,7,5,5000,3,7
23129,2,0,0,0,0,0,0,2
23130,5,3,5,5,3,2744.32,0,5
23138,8,1,5,5,5,0,0,2
23139,445,109,235,228,47,2008.5,7,127
23140,63,22,41,39,22,2610,2,17
23141,86,31,55,55,39,1950,1,37
23146,26,14,17,16,7,2770,1,10
23147,1,0,0,0,0,0,0,0
23148,38,8,21,21,15,1670,1,3
23149,58,14,26,26,22,2800,1,22
23150,1786,813,1049,1042,372,1200,9,1487
23151,3,2,2,2,2,1144.3600000000001,0,3
23153,9,1,4,4,1,0,0,3
23156,54,14,30,30,18,1685,3,15
23158,2,1,1,1,1,4925,0,0
23162,1,1,1,1,0,1389.27,0,1
23163,6,1,3,3,2,704,0,5
23168,265,81,126,124,88,736.66,4,202
23169,36,8,15,13,9,2050,1,11
23175,43,5,16,16,16,2215,1,13
23176,14,4,7,7,4,3385,0,4
23177,15,4,8,8,6,2060.475,1,6
23178,2,0,1,1,1,0,1,0
23180,11,2,6,6,5,1292.5,0,2
23181,114,43,71,67,50,1990,5,52
23183,2,2,2,2,1,2045.15,0,0
23184,11,4,6,6,5,1215,1,0
23185,4637,1434,2056,2030,1495,1225.185,23,4182
23186,2,0,1,1,0,18123.12,0,1
23188,2594,685,1047,1032,700,1461.83,18,2130
23192,57,19,40,38,7,1900,0,19
23200,2,0,0,0,0,0,0,0
23210,3,1,1,1,1,7500,0,2
23212,1,0,0,0,0,0,0,0
23213,2,0,1,1,0,5400,0,1
23214,1,0,1,1,0,2213.15,0,1
23217,1,0,0,0,0,0,0,1
23218,5,2,3,3,1,2038,0,5
23219,2715,898,1320,1308,651,1536,41,2461
23220,6269,2065,3050,3018,1656,1288.395,41,4753
23221,541,185,260,257,149,1485,3,442
23222,7367,2830,4304,4266,2491,1100,48,5806
23223,21569,9049,12403,12345,6455,1025.135,82,17603
23224,20710,8558,11448,11367,6700,1215,80,18391
23225,24364,9674,12597,12523,6735,1287.55,73,23781
23226,848,321,397,392,213,1395,5,743
23227,11818,4874,6296,6276,2840,947,50,11488
23228,9700,3754,5068,5051,2086,1488.9850000000001,8,9167
23229,3182,1284,1627,1621,615,1250,6,2479
23230,1253,444,600,598,245,1724.9,3,1101
23231,5968,2296,3171,3135,1536,1173.1799999999998,33,5006
23232,16,3,8,8,2,1751.33,0,11
23233,2101,781,997,994,379,1685,2,1931
23234,13247,6152,8211,8182,6549,1530,60,12020
23235,2084,732,1021,1010,666,2200,23,1710
23236,1678,641,870,867,650,1847.58,24,1376
23237,2559,970,1386,1382,996,1800,21,2137
23238,4461,1782,2282,2275,1020,1594.62,12,4353
23239,3,0,0,0,0,0,0,2
23242,2,0,0,0,0,0,0,2
23249,1,0,1,1,0,1000,0,0
23255,3,1,2,2,0,2514.19,0,2
23269,1,0,0,0,0,0,0,1
23273,2,0,0,0,0,0,0,0
23277,2,1,2,2,0,879,0,2
23284,12,6,8,8,7,875,1,11
23288,1,0,0,0,0,0,0,1
23291,8,3,4,4,1,814,0,8
23294,6206,2312,3005,3001,1193,1522.5,15,5931
23299,1,0,0,0,0,0,0,1
23300,1,0,0,0,0,0,0,1
23301,120,47,67,66,19,2179.875,2,74
23302,1,1,1,1,0,9612.68,0,0
23303,23,11,17,17,6,1400,0,3
23304,2,1,1,1,0,2940,0,1
23305,1,1,1,1,1,2765,0,0
23306,11,4,10,10,2,3168.5,0,3
23307,32,6,21,19,4,2225,2,16
23308,48,21,32,32,14,2375,1,16
23310,147,30,59,57,15,1400,4,75
23313,4,2,2,2,0,1336.5,0,3
23314,1692,714,763,763,470,1468.6699999999998,12,1637
23315,13,2,8,8,6,3097.2250000000004,0,5
23316,9,2,6,6,1,2625,0,6
23317,1,0,0,0,0,0,0,0
23318,1,0,0,0,0,0,0,1
23320,8474,3431,4323,4307,3450,1543,29,7130
23321,3437,1433,1837,1836,1350,1544.3899999999999,16,3013
23322,1624,676,873,864,617,1604,14,1358
23323,3606,1789,2316,2302,1812,1250,8,3176
23324,5260,2131,2914,2903,2086,1073.7,15,4519
23325,3860,1490,1913,1906,1485,1118.49,10,3537
23328,1,1,1,1,1,5830.6500000000005,0,0
23329,1,0,0,0,0,0,0,0
23330,1,0,0,0,0,0,0,1
23333,1,0,0,0,0,0,0,1
23336,57,28,42,42,17,2689,0,17
23337,9,4,7,7,3,3035,0,3
23341,4,1,3,3,1,1200,0,1
23344,1,0,0,0,0,0,0,0
23347,16,8,12,11,5,2250,0,3
23350,127,37,65,63,18,1875,1,70
23354,2,1,2,1,0,3350,0,1
23356,16,11,13,13,5,3822.58,0,9
23357,18,8,10,10,2,1773.5,0,9
23359,12,7,9,9,3,1890,0,1
23361,2,1,1,1,1,0,1,1
23369,4,2,2,2,2,2985,0,3
23370,2,0,1,1,0,556,0,2
23374,1,1,1,1,0,0,0,1
23389,1,0,0,0,0,0,1,0
23395,10,4,5,5,0,3012.5,0,1
23398,4,1,2,1,1,0,0,2
23401,17,8,11,11,6,1880,0,6
23402,3,1,1,1,1,3090,0,0
23404,4,1,2,2,1,2520.1349999999998,0,3
23405,14,5,12,12,0,3367.5,0,4
23407,42,19,27,26,6,1300,0,33
23409,5,1,3,3,0,3145,0,1
23410,86,24,53,53,15,2790,1,26
23412,2,2,2,2,1,10343,0,1
23413,25,10,17,17,5,2869.86,0,11
23414,2,2,2,2,1,3650,0,0
23415,272,118,145,145,63,1875,2,219
23416,12,3,5,5,2,2600,1,3
23417,79,23,35,33,16,2318.02,2,37
23418,27,12,17,17,7,1450,0,8
23420,77,22,41,41,16,1926,0,48
23421,140,50,85,85,34,2000,1,52
23422,13,3,9,9,0,1450,0,5
23423,3,2,2,2,2,1350,0,1
23424,5,0,0,0,1,0,0,4
23425,3,1,2,2,1,1438.325,0,2
23426,2,1,2,2,0,10355.62,0,1
23427,1,1,1,1,0,3000,0,0
23430,810,270,401,401,184,1218.5,11,438
23431,20,2,6,6,2,1450,0,18
23432,88,22,32,32,11,800,5,65
23433,9,3,5,5,3,10017.75,0,4
23434,6884,2752,3630,3603,2326,1438,104,4858
23435,2858,1108,1363,1348,1135,1658.5,18,2419
23436,4,2,2,2,2,2185,0,2
23437,70,18,32,32,19,1163,2,25
23438,37,8,16,16,12,1869.425,3,12
23439,4,2,2,2,1,743.2,0,3
23441,7,2,7,7,2,1978,0,3
23442,14,6,9,9,4,1825,1,4
23450,1,0,1,1,1,0,0,0
23451,5933,2428,3156,3131,2599,1707.98,16,5239
23452,9250,3528,4730,4696,3693,1433.71,14,7381
23453,3212,1301,1800,1785,1478,1607,8,2581
23454,12411,5332,6716,6698,5027,1219.955,8,11314
23455,6949,2918,3640,3628,2980,1226.1899999999998,7,6004
23456,1157,376,570,562,414,1815,4,467
23457,43,19,27,26,16,2129.3,0,11
23459,1,0,0,0,0,0,0,0
23460,1,1,1,1,0,0,0,1
23461,3,1,1,1,1,2380,0,2
23462,17546,7305,9399,9368,7521,1425.54,21,15704
23463,17,5,7,7,6,2436.825,0,13
23464,6436,2487,3399,3377,2811,1647.1699999999998,17,5129
23465,4,1,2,2,1,8000,0,1
23466,3,1,1,2,2,344.765,0,3
23467,1,0,0,0,0,0,0,0
23468,1,1,1,1,0,3410,0,1
23471,1,1,1,1,1,2050,0,0
23473,1,1,1,1,0,0,0,0
23474,1,0,0,0,0,0,0,1
23476,1,1,1,1,0,3000,0,0
23480,6,2,2,2,0,4317.5,0,2
23481,1,0,0,0,0,0,0,1
23484,1,1,1,1,1,564.7,0,1
23487,680,252,294,294,229,1074.155,12,639
23488,6,2,4,4,3,4877.5,0,1
23500,3,1,1,1,1,786.58,0,3
23501,32,13,18,18,13,1745,0,17
23502,8496,3136,4044,4041,3713,1237,13,5893
23503,9190,3404,4549,4550,3633,1299,25,6465
23504,6883,2326,3256,3240,2881,1144.27,41,4465
23505,10847,4109,5412,5405,4997,1159.495,10,8954
23506,4,2,2,2,2,1425,0,0
23507,446,175,219,220,177,1548.835,3,385
23508,5167,1999,2490,2483,2038,1200,11,4419
23509,2010,655,956,952,776,1650,3,1366
23510,2365,745,903,903,851,1734.01,10,1694
23511,4,0,1,1,0,2250,0,2
23512,5,1,1,1,2,1125,0,3
23513,8253,2807,3795,3785,3474,1171.5,22,6623
23514,10,3,5,5,4,1500,0,7
23515,7,1,2,2,1,483.75,0,4
23516,1,1,1,1,1,1200,0,0
23517,1719,570,714,716,517,1507.31,3,1529
23518,5811,2300,2979,2975,2590,1300,15,4604
23519,9,3,5,5,5,2000,0,6
23523,2328,729,1041,1038,936,1345.3799999999999,12,1569
23525,3,1,2,2,2,327.5,0,2
23530,4,4,4,4,3,4233.5,0,2
23535,2,1,2,1,0,3217,1,2
23541,7,2,2,2,2,6047.47,0,7
23545,1,0,0,0,0,0,0,0
23551,1,0,0,0,0,0,0,0
23562,3,2,2,2,2,1013.015,0,3
23564,2,1,1,1,1,0,0,2
23565,1,0,0,0,0,0,0,0
23573,3,2,2,2,2,7562.5,0,3
23574,1,0,0,0,0,0,0,1
23578,1,1,1,1,1,4275,0,0
23580,1,0,1,1,0,2400,0,1
23581,1,0,0,0,0,0,0,0
23592,1,0,0,0,0,0,0,0
23598,1,0,0,0,0,0,0,0
23600,3,1,3,3,2,864.01,0,3
23601,9236,4129,5420,5387,4178,1142.7150000000001,42,8868
23602,11577,4630,6206,6187,4951,1542.76,63,10322
23603,611,222,322,320,233,1940.5,3,498
23604,14,3,8,8,6,1984.82,1,11
23605,6420,2676,3690,3684,3097,1450,62,5990
23606,10109,4222,5583,5565,4773,1429.9299999999998,42,9741
23607,12027,4586,6854,6845,4929,1100.06,141,9784
23608,15745,6781,8945,8925,7026,1225.25,56,14891
23609,9,3,4,4,4,1690,1,2
23610,2,1,1,1,1,4185,0,0
23628,1,0,0,0,0,0,0,1
23633,2,1,1,1,1,37.9,0,2
23642,8,4,5,5,3,1469,0,8
23646,1,1,1,1,1,1475,0,0
23650,2,0,0,0,0,0,0,0
23651,11,3,5,5,5,2286.96,1,3
23660,1,0,0,0,0,0,0,1
23661,2292,997,1432,1427,1237,1433,35,1729
23662,754,302,360,351,264,964.53,1,690
23663,3831,1631,2256,2242,1922,1300,69,3139
23664,1419,578,829,827,727,1500,13,1230
23665,23,10,19,19,15,2332.3,0,22
23666,16778,6634,8947,8912,7836,1620.6899999999998,291,15560
23667,6,0,2,2,2,8000,0,1
23668,5,0,2,2,2,1132.07,0,4
23669,9233,3642,5047,5025,4258,1300,144,8017
23670,3,2,2,2,2,1754.085,0,2
23680,33,31,32,32,30,274,0,33
23690,849,454,563,561,444,743.46,1,787
23692,1151,444,551,547,414,1249,3,1043
23693,1093,345,470,467,359,1726,6,975
23694,1,0,0,0,0,0,0,1
23696,30,8,17,17,10,1520,1,7
23697,1,1,1,1,1,0,0,1
23701,5122,2337,3267,3261,2428,1329.98,76,4376
23702,4535,2174,3150,3142,2363,1399.745,75,3836
23703,6689,3089,4204,4196,3386,1420.8649999999998,71,5526
23704,7488,2839,4272,4270,2801,1475,140,5797
23705,39,9,20,20,10,2002,0,27
23706,4,3,3,3,1,9250,1,3
23707,2858,1125,1685,1679,1120,1338,55,1973
23708,4,0,2,2,0,0,0,3
23709,2,0,0,0,0,0,0,0
23710,4,4,4,4,4,930.5,0,4
23740,3,2,3,3,3,790,0,3
23751,1,0,0,0,0,0,0,1
23800,2,1,2,2,1,1094,0,2
23801,44,4,16,16,2,1549.5,0,41
23802,2,1,2,2,1,1230,0,0
23803,12601,5098,7550,7526,4840,1489.52,103,10224
23804,19,7,9,9,5,1550,2,10
23805,7120,2895,4284,4277,2952,1400.94,35,6624
23806,16,3,7,7,3,1700,0,14
23808,1,0,1,1,0,1560,0,1
23813,2,1,1,1,1,3300,0,1
23821,33,10,17,16,5,1048,0,5
23824,440,162,245,244,83,1681.01,4,281
23825,1,0,1,1,1,820,0,1
23827,84,29,50,39,10,1350,1,47
23828,11,2,7,7,1,1500,1,2
23829,21,2,9,8,2,1000,4,4
23830,35,9,21,22,5,1200,0,18
23831,5148,1743,2381,2369,1651,1791,37,4749
23832,1801,544,773,769,513,1777.445,20,898
23833,43,18,31,31,15,1800,1,23
23834,3862,1523,2206,2168,1590,1415.395,31,3295
23836,2500,840,1066,1059,856,1819.29,14,2349
23837,128,44,78,70,22,1450,3,42
23838,114,31,56,56,33,900,6,42
23839,29,8,17,15,1,1650,0,8
23840,36,11,18,15,10,3200,2,16
23841,163,52,94,94,47,1600,0,112
23842,173,28,90,90,32,1514.365,0,103
23843,7,2,5,4,2,350,1,2
23844,97,33,47,36,1,1764.2,1,81
23845,1,0,0,0,0,0,0,1
23846,20,4,9,9,4,1750,2,6
23847,1182,301,726,730,253,1180,6,469
23850,23,6,14,14,9,1850,2,11
23851,1811,597,840,795,85,1012.5,10,885
23856,20,7,13,10,6,3437.5,0,3
23857,8,2,6,5,1,1850,0,3
23858,1,1,1,1,0,0,0,1
23860,6025,2430,3563,3543,1120,1149,17,4648
23863,1,0,0,0,0,0,0,0
23866,37,13,21,16,2,1700,0,9
23867,192,73,143,125,56,933.235,2,132
23868,401,84,169,161,70,1254,5,218
23870,4,3,4,4,2,1992.5,0,1
23872,127,38,69,69,34,1430.34,1,89
23874,20,6,11,10,1,1050,2,4
23875,3231,272,1431,1439,413,1373.93,11,2755
23876,10,3,6,6,2,1000,2,2
23878,14,3,8,7,3,850,1,5
23879,22,1,15,15,2,1558,0,1
23881,53,15,32,32,5,609.5,0,30
23882,43,15,31,27,16,1400,0,7
23883,81,26,45,45,11,999.8199999999999,0,49
23884,1,0,0,1,1,0,0,0
23885,67,19,34,34,20,1500,0,24
23887,3,0,2,1,0,6000,0,0
23888,72,15,36,27,12,1842,0,34
23889,21,3,15,15,1,1811.56,0,3
23890,272,116,187,161,93,1300,3,154
23892,1,0,0,0,1,0,0,0
23893,9,4,6,6,2,1300,1,1
23894,6,3,4,4,2,3690,1,2
23897,14,6,10,9,2,3600,0,4
23898,23,7,10,9,6,2140,0,8
23899,3,2,3,3,1,1792.42,0,2
23901,1136,195,441,440,129,1550,10,650
23915,17,2,4,4,0,2000,0,0
23917,44,14,23,23,0,1900,1,7
23919,54,12,22,22,1,2450,2,10
23920,83,30,54,49,13,1200,1,7
23921,58,8,23,18,3,1850,0,13
23922,42,13,27,26,7,2695,1,14
23923,76,28,39,40,10,850,0,45
23924,177,43,77,77,3,971.5,2,61
23927,131,42,68,67,4,672.99,0,29
23930,282,106,177,177,49,1700,5,164
23931,1,0,1,1,0,1330,0,0
23932,1,0,0,0,1,0,0,1
23934,17,6,12,11,5,1600,0,7
23936,174,26,85,78,13,1280,4,81
23937,94,37,54,53,16,900,2,55
23938,3,0,2,2,1,2275,0,0
23939,2,2,2,2,1,0,0,2
23942,38,16,28,28,10,1712.5,0,2
23944,106,28,63,60,2,1507.935,0,18
23947,202,74,120,118,36,1132.5,1,100
23950,76,19,41,41,3,1975,3,20
23952,2,0,1,1,0,0,0,0
23954,99,24,49,48,17,1675,0,32
23958,129,31,68,67,22,1130,2,75
23959,17,5,9,9,5,978.3050000000001,0,3
23960,74,14,35,34,11,1600,0,18
23961,1,0,0,0,0,0,0,0
23962,9,3,6,6,1,1000,0,3
23963,5,1,4,4,3,1575,1,3
23964,9,1,2,2,1,900,1,2
23966,76,13,33,34,10,2250,0,15
23967,16,7,12,12,3,700,0,2
23968,18,1,5,5,1,1700,1,6
23970,502,137,220,221,11,1276,2,307
23974,184,50,98,95,4,1073.45,2,34
23976,10,2,4,4,2,675,0,1
23980,1,0,0,0,0,0,0,1
24001,5,2,2,2,0,4582.29,0,5
24009,1,0,0,0,0,0,0,1
24010,3,2,3,3,3,1600,0,2
24011,129,31,49,49,10,1957.47,4,126
24012,3788,1382,2011,1997,864,1430.425,65,2920
24013,1632,584,918,912,353,1430,46,1054
24014,1606,617,913,905,396,1220,33,1316
24015,1799,598,881,879,277,1400,37,1353
24016,2441,848,1377,1364,501,1500,91,1874
24017,5428,1828,2903,2876,1164,1550,151,4395
24018,1437,471,801,784,210,2500,33,1222
24019,1429,460,660,650,223,1800,35,1174
24022,1,0,0,0,0,0,1,0
24023,1,0,1,1,1,5180,0,1
24024,1,1,1,1,1,2579.67,0,1
24037,1,0,1,1,0,300,0,0
24039,1,0,0,0,0,0,0,1
24049,1,0,0,0,0,0,0,1
24053,58,18,32,31,1,1875,1,20
24054,141,44,80,77,13,850,2,60
24055,591,204,335,330,8,1090,6,272
24058,2,1,1,1,0,425,0,1
24059,16,4,9,8,5,2235,0,6
24060,2242,980,1197,1193,78,909.8499999999999,6,2022
24062,1,0,1,1,0,0,1,1
24063,2,0,1,1,0,5400,1,2
24064,66,18,48,47,15,2887.785,3,25
24065,128,43,81,81,41,2371,2,50
24066,91,30,58,55,21,2359.3199999999997,2,48
24067,21,8,13,12,5,1100,3,3
24068,21,12,15,15,0,559.43,0,20
24069,132,52,83,81,36,1155,1,94
24070,22,6,12,12,3,1200,5,8
24072,18,7,15,15,0,2400,1,7
24073,2163,825,1164,1155,67,1118,53,1788
24076,28,11,18,16,0,1700,0,9
24077,105,48,58,58,25,880,0,94
24078,623,229,360,355,3,1123,0,435
24079,44,13,30,30,0,1345,1,31
24082,2,0,2,2,0,2800,0,1
24083,76,24,29,29,6,2098,1,71
24084,734,282,448,442,183,966.5,14,540
24085,17,5,12,11,2,1700,0,4
24086,2,0,1,1,0,0,0,0
24087,205,71,114,112,10,1097.435,2,127
24088,70,25,55,54,22,1830.835,3,21
24089,79,37,57,55,1,1134.98,2,27
24090,48,26,38,38,13,2350,0,17
24091,97,27,68,68,2,1625,6,24
24092,85,25,54,49,18,1450,15,46
24093,19,4,9,9,0,1434,0,15
24095,116,39,73,70,18,1200,2,53
24101,93,37,57,53,28,1875,4,48
24102,30,9,20,20,10,2700,1,7
24103,1,0,0,0,0,0,0,1
24104,42,15,29,29,11,2050,0,8
24105,2,1,2,2,0,5400,0,0
24109,1,1,1,1,1,1755,0,1
24112,3250,1110,1756,1737,20,1204.25,45,2118
24114,3,1,3,3,0,1800,0,3
24115,4,1,1,1,0,4235,0,4
24118,4,2,2,2,1,703,0,0
24120,15,4,7,6,0,950,0,4
24121,235,75,142,138,47,1500,10,121
24122,49,15,37,36,11,1539.26,1,18
24124,115,47,68,67,6,900,2,29
24126,4,1,2,2,1,885.24,0,0
24127,84,22,52,52,13,1720,1,43
24128,39,7,17,17,2,1215,1,13
24129,3,1,2,2,0,4223.5,0,1
24131,5,1,3,3,0,4500,0,1
24132,4,0,2,2,0,0,1,0
24133,28,10,12,11,0,2100,0,5
24134,301,80,118,115,4,1385.03,5,223
24136,171,64,89,87,2,1405,3,104
24137,40,17,31,32,12,1875,3,15
24138,17,2,7,7,0,2110,3,9
24139,9,3,6,6,4,1533,0,4
24141,1786,608,910,895,298,1777.2649999999999,37,1266
24142,1,1,1,1,0,3000,0,0
24143,4,1,2,2,0,126,2,1
24146,1,0,0,0,0,0,0,0
24147,60,18,27,28,0,500,1,52
24148,317,103,165,159,1,1290,2,171
24149,51,19,30,30,3,1748.4850000000001,0,38
24150,11,5,10,10,0,1310.53,0,2
24151,876,353,578,572,278,1300,25,476
24153,2618,758,1287,1262,379,1703.9299999999998,34,2055
24156,1,0,0,0,0,0,0,1
24161,9,4,7,6,2,247,1,2
24162,120,56,76,75,2,1300,2,101
24165,38,15,26,27,0,1400,1,20
24167,1,0,1,1,0,0,0,1
24168,10,3,5,5,0,3536,0,5
24171,152,38,96,94,2,875,1,58
24174,47,16,33,31,4,1962.5,0,16
24175,107,43,67,66,19,2360.42,0,39
24176,27,11,18,18,7,2100,0,11
24179,1359,470,734,719,241,1575,32,1062
24184,161,69,106,105,41,1320,8,97
24185,6,2,5,5,0,3245,0,0
24201,2642,659,1282,1242,398,700,17,1252
24202,296,112,235,220,94,1440,3,102
24206,1,1,1,1,0,2000,0,1
24209,2,0,2,2,1,2330,0,1
24210,713,209,459,432,173,1400,8,302
24211,179,45,109,101,42,1225.5,3,76
24212,3,1,2,2,0,1337.5,0,1
24216,224,125,148,140,25,540,1,185
24217,1,0,0,0,0,0,0,1
24219,446,189,249,237,24,1119.5,5,210
24220,6,1,3,3,0,1600,0,0
24221,3,0,0,0,0,0,1,0
24224,76,16,48,50,3,750,3,17
24225,26,5,16,15,1,936.75,0,6
24226,10,0,4,4,1,1702,0,1
24228,62,19,41,41,10,1500,2,14
24230,369,164,213,205,28,500,9,243
24235,2,0,1,1,0,0,0,1
24236,128,41,95,90,41,1000,1,21
24237,32,14,21,21,4,978,0,18
24239,2,1,1,1,0,4500,0,0
24240,1,1,1,1,0,1370,0,0
24241,2,2,2,2,1,2210,0,0
24243,54,22,35,36,8,1100,3,32
24244,77,28,51,43,10,870,5,34
24245,20,4,13,13,2,700,0,14
24246,6,2,2,2,1,1015,0,1
24248,32,5,15,15,4,860,2,4
24250,8,1,6,6,1,1715,1,0
24251,147,49,107,94,14,1350,7,33
24256,67,17,42,38,14,690,1,39
24258,8,3,3,3,0,1700,2,0
24260,92,26,58,57,5,800,2,10
24263,104,36,67,66,7,1197.5,2,38
24265,14,5,9,9,2,1625,0,1
24266,143,48,90,89,8,900,0,76
24269,3,2,2,2,1,986,0,1
24270,9,2,4,5,0,3182.5,2,3
24271,31,12,23,23,3,2300,0,6
24272,4,1,2,1,0,3034.5,1,0
24273,198,88,122,119,20,580,3,111
24277,257,86,144,146,29,860,1,55
24279,117,70,84,81,11,503.5,1,82
24280,3,1,1,1,1,0,0,2
24281,41,12,22,21,2,689.5,1,16
24282,42,18,23,23,7,653,3,7
24283,95,34,52,48,6,1007.505,0,70
24290,40,14,34,32,4,1650,0,12
24291,1,0,1,1,0,600,0,0
24292,5,1,3,3,0,750,0,0
24293,307,186,218,213,39,1274.5,2,214
24301,1193,406,752,731,264,1300,22,864
24307,1,0,1,1,0,1200,0,1
24311,71,21,55,53,38,1250,2,32
24312,27,12,22,22,2,1400,1,5
24313,15,3,10,11,1,750,1,3
24314,6,2,4,4,1,962.5,0,1
24315,17,4,12,12,1,2600,1,5
24316,1,1,1,1,0,1430,0,0
24317,73,28,52,54,2,869.23,2,6
24318,5,1,3,3,0,350,0,0
24319,216,81,152,145,89,821.5,4,100
24322,5,0,4,4,0,1450,1,0
24323,14,4,7,6,0,0,0,2
24324,23,7,16,15,6,1800,1,5
24325,12,7,11,11,0,0,1,6
24326,7,2,6,6,1,400,0,4
24327,1,0,1,1,0,0,0,1
24328,34,14,25,24,2,1000,0,12
24330,52,25,41,37,1,1200,0,16
24333,562,176,374,361,9,974.5,4,162
24340,144,52,114,106,43,1200,2,53
24343,254,76,169,165,5,1112.5,2,143
24345,1,1,1,1,0,200,0,0
24347,24,6,17,17,2,1929.625,1,5
24348,66,18,45,42,3,587.5,0,28
24350,15,5,12,11,1,870,1,2
24351,7,5,5,5,1,1698.52,0,3
24352,6,4,5,5,0,1875,0,0
24354,719,241,509,500,324,1090,9,211
24360,123,45,88,82,10,1888.5,4,47
24361,94,39,77,68,29,1400,1,35
24362,1,0,1,1,0,751,0,1
24363,8,1,8,6,0,650,0,1
24366,10,3,4,5,0,2400,1,2
24368,119,47,92,92,18,1200,3,37
24370,161,51,125,118,68,1025,3,65
24374,33,9,22,22,2,1685,0,1
24375,32,18,27,27,20,770,0,16
24377,2,1,2,1,1,2477,0,1
24378,14,3,9,8,1,1067.5,1,3
24380,52,14,32,31,2,750,2,6
24381,86,29,58,56,1,1000,1,41
24382,782,239,524,503,61,1276,22,430
24401,2299,713,1191,1171,288,1300,51,1372
24402,2,0,1,1,0,5050,1,1
24407,2,0,0,0,0,0,0,2
24411,1,0,0,0,0,0,0,0
24413,2,1,2,2,0,4275,0,0
24416,508,154,284,284,19,1114.6599999999999,26,279
24421,43,14,25,24,1,1349.5,3,10
24422,534,190,296,295,64,1027.5,17,354
24426,637,194,323,322,72,1350,11,292
24430,91,22,41,41,2,1200,2,61
24431,116,36,61,59,6,1443.42,2,76
24432,3,0,1,1,0,1800,0,0
24435,48,15,26,26,9,1350,7,22
24437,7,1,3,3,0,1350,0,3
24438,1,1,1,1,0,1000,0,0
24439,33,13,27,25,10,600,1,4
24440,64,21,35,34,1,1430,3,15
24441,503,117,158,155,40,960,11,455
24442,1,0,1,1,0,950,0,1
24445,34,7,14,13,1,1705,0,12
24448,6,1,5,4,0,1324.5,0,1
24450,396,96,191,184,90,1750,19,206
24452,2,0,0,0,0,0,0,2
24455,1,1,1,1,0,1700,0,0
24457,5,1,1,1,1,5987,0,4
24458,2,0,1,1,0,1360,0,0
24459,4,1,2,2,0,750,0,0
24460,12,4,10,10,1,1250,0,3
24465,20,2,13,11,1,1150,2,5
24467,20,10,13,13,0,1325,0,9
24471,38,4,10,10,3,675,1,23
24472,112,26,48,47,18,1250,6,82
24473,4,2,3,3,2,2866.25,0,3
24474,10,2,5,6,1,1500,0,3
24476,12,1,5,4,1,1600,2,1
24477,509,119,195,188,12,1799.9299999999998,11,374
24479,26,8,10,10,2,886.355,2,11
24482,233,89,126,123,8,1279.44,12,169
24483,12,4,5,4,4,550,2,6
24484,5,2,4,4,0,3874,0,4
24485,9,3,5,4,0,6024,1,3
24486,191,23,45,43,1,1328.315,0,178
24487,3,1,2,2,0,0,0,2
24490,1,1,1,1,1,1400,0,0
24501,5376,1842,3190,3156,1650,1175,55,3501
24502,5210,1704,2433,2404,1123,1153.795,40,4071
24503,1129,403,644,633,314,1342.24,17,759
24504,1527,501,980,967,573,1006.7049999999999,15,1004
24505,19,7,11,11,5,1100,1,15
24506,3,2,2,2,2,1475,0,2
24512,1,0,1,1,0,471,0,0
24515,2,1,1,1,1,3760,0,0
24517,414,128,244,244,119,1086.3899999999999,1,283
24520,35,12,26,26,4,1300,4,10
24521,446,161,257,256,94,799,9,349
24522,323,89,174,173,63,920,0,193
24523,698,187,403,388,108,1500,14,361
24526,20,6,16,15,1,1400,1,6
24527,79,38,45,45,20,1487.84,0,40
24528,243,99,163,160,80,1470,5,184
24529,82,28,46,45,3,1530,1,18
24530,9,4,6,6,2,1380,0,2
24531,188,64,125,124,57,1220,1,62
24534,9,5,6,6,0,1508.9099999999999,2,3
24536,4,0,3,1,0,3400,1,1
24538,94,32,57,57,28,1045.745,2,33
24539,4,2,3,3,0,13923.48,0,0
24540,4370,1908,2716,2691,644,950,19,2894
24541,4134,1693,2427,2402,487,860,31,2411
24543,4,3,4,4,0,869.2249999999999,1,1
24549,68,26,45,44,24,1325,0,26
24550,673,206,314,308,161,833.485,7,520
24551,765,280,400,397,125,1182.5,7,438
24553,28,12,21,20,8,400,1,8
24554,143,53,94,93,56,1267.5,2,89
24555,89,23,43,42,15,2000,7,31
24556,31,8,18,17,5,1626.5,1,7
24557,291,110,175,176,89,951.5,2,139
24558,119,40,74,72,19,1550,0,51
24562,23,7,13,12,4,1800,0,2
24563,295,130,183,185,80,800,3,153
24565,17,8,16,16,6,1173.75,0,8
24566,17,5,11,11,4,532,1,5
24568,1,1,1,1,0,643,0,0
24569,22,13,16,17,3,1800,0,6
24571,21,5,12,11,4,1300,1,5
24572,1048,293,554,546,289,1400,12,640
24573,1,0,1,1,0,0,0,0
24574,172,42,83,79,46,1472.205,2,112
24577,81,29,51,49,8,1500,3,34
24578,32,8,19,18,9,800,3,11
24579,40,13,25,24,12,1188,2,19
24580,10,3,6,6,0,4121,1,3
24586,155,71,109,104,58,1222.5,4,44
24588,584,128,280,272,143,1200,5,390
24589,30,7,18,17,1,1100,3,11
24590,131,26,73,70,20,1745,7,28
24592,644,179,309,300,65,1195.25,8,359
24593,49,17,28,28,3,1200,0,21
24594,35,11,25,24,13,1025,1,6
24597,12,4,7,7,2,1200,1,3
24598,25,10,16,15,3,475,0,7
24599,12,1,8,6,3,2300,0,7
24602,9,4,7,7,1,1661.4699999999998,0,5
24603,8,3,6,6,1,1089.565,0,0
24605,236,107,155,153,39,759,3,135
24607,2,0,1,1,0,1400,0,2
24609,155,51,95,93,13,1100,3,67
24612,20,9,14,14,4,1125,0,10
24613,18,3,12,12,2,1107.0149999999999,0,5
24614,71,25,43,43,8,1500,3,16
24620,15,6,9,9,1,885.5,0,3
24622,8,5,7,7,0,1730,0,3
24624,2,1,1,1,0,740,0,0
24628,1,0,0,0,0,0,0,1
24630,249,89,154,152,45,1397,5,165
24631,21,9,14,14,0,740,0,6
24634,4,2,2,2,0,5647.62,0,2
24635,13,4,8,8,1,980,0,6
24637,45,17,34,34,9,1615,1,17
24639,88,33,56,55,17,1110,1,39
24641,197,87,139,138,27,1151.6799999999998,2,51
24646,5,1,4,4,0,700,0,0
24649,17,2,10,10,0,1100,1,1
24651,319,91,183,182,49,1037.6,3,196
24656,38,11,19,19,2,1263,2,14
24657,6,2,2,2,0,1650,0,1
NA,11539,4763,6511,6474,4304,1434.8049999999998,175,10033
