NAME,total_filed19,total_filed1819,total_pop,housing_units,rental_units,rental_pop,pct_pov,total_burdened,total_moved,total_students,n_serial,n_cases_filed_by_businesses,total_plaintiffs,n_business_plaintiffs,n_plaintiffs_serial,landarea_sqmi,court,fips,GEOID,eviction_rate19,pct_rental_units,pct_burdened,exploit,pct_moved,pct_students,pct_serial,pct_business,prop_landlord_serial,pop_density,dissim_wb,dissim_wh,cowhite,percent_white
fairfax city and county,7282,14761,1145862,413885,126973,354858,6.1,56027,101581,85783,5400,13108,1800,627,335,391.0070212291709,NA,NA,NA,0.057350775361691066,30.678328521207582,44.12512896442551,0.3198435640197245,28.625816523792615,7.486329069294557,36.582887338256214,34.833333333333336,0.18611111111111112,2930.540726347738,0.7265422517909135,0.5238442292690177,594646,51.89507986127474
harrisonburg and rockingham county,1179,2210,80284,35504,7914,18385,8.8,2927,5143,4669,380,1520,631,250,66,849.7890820425005,NA,NA,NA,0.1489764973464746,22.290446146913023,36.985089714430124,0.7164296998420221,27.97389175958662,5.815604603657017,17.194570135746606,39.61965134706815,0.1045958795562599,94.47520766804199,0.712034879627643,0.702409227061799,106430,132.56688754920035
lexington and rockbridge county,158,305,22570,11441,2290,5634,14.2,885,1217,966,36,161,142,44,16,596.5425373962142,NA,NA,NA,0.06899563318777292,20.0157328904816,38.646288209606986,0.5952380952380952,21.600993965211217,4.2800177226406735,11.80327868852459,30.985915492957744,0.11267605633802817,37.83468669059782,0.4471030832597189,0.2286117491881983,26534,117.56313690739921
newport news county and city,13960,28571,179673,77759,35675,84120,15.3,18532,18297,16698,14553,25746,1338,612,346,68.99221351634782,NA,NA,NA,0.3913104414856342,45.878933628261684,51.94674141555712,0.48045454545454547,21.751069900142653,9.293549949074151,50.936264043960655,45.73991031390135,0.2585949177877429,2604.2504051189226,0.4114007980932841,0.3743127178884564,77111,42.91741107456323
norton and wise county,285,572,38486,17958,4979,11534,22.1,1881,3086,2069,62,395,162,60,11,403.4393532541713,NA,NA,NA,0.05724040972082747,27.72580465530683,37.778670415746134,1.1107205623901582,26.755678862493497,5.37598087616276,10.839160839160838,37.03703703703704,0.06790123456790123,95.39475931033776,0.5477738200842658,0.30040449941953595,38718,100.6028166086369
williamsburg and james city county,1328,2807,14927,5263,2386,5395,20.7,1233,1988,6043,1253,2374,414,157,72,8.940315208398061,NA,NA,NA,0.5565800502933781,45.33536006080182,51.676445934618606,0.6927990708478513,36.84893419833179,40.48368727808669,44.63840399002494,37.92270531400966,0.17391304347826086,1669.6279328024543,0.5824575157555552,0.4271081679860397,66736,447.0824680109868
accomack county,187,372,32673,21273,4461,11588,19,1648,1122,1179,36,203,179,58,12,449.3103242443469,Accomack General District Court,001,51001,0.0419188522752746,20.970243971231138,36.942389598744676,0.8849840255591054,9.682430100103554,3.6084840694151135,9.67741935483871,32.402234636871505,0.0670391061452514,72.71811538038808,0.27803600899132214,0.4334519765241652,19613,60.028157806139625
albemarle county,1204,2333,107405,45520,15231,33609,9.1,6303,10954,12577,963,2087,311,132,46,720.4696535092188,Albemarle General District Court,003,51003,0.07904930733372727,33.46001757469244,41.38270632263147,0.47624392068836513,32.592460352881666,11.70988315255342,41.277325332190316,42.443729903536976,0.14790996784565916,149.07636911125735,0.3530133848272743,0.351223040225794,82656,76.95731111214562
alexandria city,4210,8449,157613,76357,40045,91100,10.3,16424,25687,10260,3304,7649,432,264,118,14.934193326988645,Alexandria General District Court,510,51510,0.10513172680734174,52.44443862383279,41.013859408165814,0.30382608695652175,28.19648737650933,6.509615323609093,39.105219552609775,61.111111111111114,0.27314814814814814,10553.834180997665,0.42902155737855785,0.435276410877609,81852,51.932264470570324
alleghany county,200,421,15157,8027,1568,3536,19.7,606,830,512,86,241,127,31,12,446.5691630011736,Alleghany General District Court,005,51005,0.12755102040816327,19.53407250529463,38.64795918367347,0.7848557692307693,23.472850678733032,3.3779771722636402,20.42755344418052,24.409448818897637,0.09448818897637795,33.94099112920649,0.2897731268928643,0.44077135781095966,13863,91.46269050603681
amelia county,31,65,12953,5591,773,2282,10.7,275,703,257,8,34,54,25,3,355.36045358664,Amelia General District Court,007,51007,0.040103492884864166,13.825791450545518,35.57567917205692,1.0110159118727051,30.806310254163016,1.984096348336293,12.307692307692308,46.2962962962963,0.05555555555555555,36.450313672401776,0.06541976610057632,0.46281338508339454,9533,73.59685015054428
amherst county,278,569,31775,14190,2782,6742,14,1225,1867,2176,173,396,228,101,37,473.96149349103183,Amherst General District Court,009,51009,0.09992810927390366,19.605355884425652,44.033069734004314,0.8387096774193549,27.69207950163156,6.848151062155782,30.404217926186295,44.29824561403509,0.16228070175438597,67.04131123808529,0.19783966976961637,0.3305954109353414,23733,74.69079464988198
appomattox county,93,169,15707,7314,1354,3196,13.2,592,389,672,33,93,95,31,12,334.218716294488,Appomattox General District Court,011,51011,0.06868537666174299,18.512441892261418,43.72230428360414,0.7535441657579062,12.171464330413016,4.278347233717451,19.526627218934912,32.631578947368425,0.12631578947368421,46.99617117241331,0.03677011892997872,0.1585794888815134,12052,76.73012032851595
arlington county,2295,4379,233464,114779,61280,120881,6.8,22731,36669,16630,1634,3897,505,306,137,25.997413269968305,Arlington General District Court,013,51013,0.03745104438642298,53.38955732320372,37.0936684073107,0.3125991748651222,30.334792068232392,7.123153890963916,37.3144553551039,60.59405940594059,0.2712871287128713,8980.27805980578,0.4882634234526855,0.3499060438592843,143563,61.49256416406812
augusta county,504,1005,75079,32541,6109,13821,8.7,2095,3335,2535,260,789,302,127,44,967.0733035414332,Augusta General District Court,015,51015,0.08250122769684072,18.773239912725483,34.29366508430185,0.7472712006717045,24.12994718182476,3.37644347953489,25.870646766169152,42.05298013245033,0.1456953642384106,77.6352730708829,0.4915275965959215,0.35984328954448463,68122,90.73376043900426
bath county,8,12,4307,3379,444,1022,10.9,82,263,227,NA,9,12,9,NA,529.2016808880319,Bath General District Court,017,51017,0.018018018018018018,13.139982243267239,18.46846846846847,0.6823379923761118,25.73385518590998,5.270489900162526,NA,75,NA,8.138674073696436,0,0,3841,89.18040399349896
bedford county,411,774,78376,36743,5605,14260,8.9,2125,4859,3883,133,351,416,126,51,760.0826922718293,Bedford General District Court,019,51019,0.07332738626226583,15.254606319571074,37.91257805530776,0.8276863504356244,34.074333800841515,4.954322751862815,17.183462532299743,30.288461538461537,0.12259615384615384,103.1150962874054,0.26726816125117026,0.3314569845585942,68746,87.71307543125447
bland county,8,12,6388,3325,440,954,10.3,205,82,307,1,2,10,2,1,357.6507822564899,Bland General District Court,021,51021,0.01818181818181818,13.233082706766917,46.590909090909086,0.7906040268456376,8.59538784067086,4.805886036318096,8.333333333333332,20,0.1,17.86099826120004,0.3762242054927374,0.4014342895263509,5996,93.86349405134628
botetourt county,95,180,33343,14884,1817,3892,6.5,675,934,1390,27,105,96,28,4,541.2768209243895,Botetourt General District Court,023,51023,0.05228398458998349,12.20773985487772,37.14914694551458,0.5813060179257362,23.997944501541625,4.168791050595328,15,29.166666666666668,0.041666666666666664,61.60064261214254,0.3266399244926852,0.25482270438907256,30970,92.88306391146568
bristol city,616,1343,16912,8727,2905,6977,22.6,1303,1764,745,535,712,205,61,30,12.903602143963518,Bristol General District Court,520,51520,0.21204819277108433,33.28749856766357,44.85370051635112,0.653041825095057,25.283072953991688,4.40515610217597,39.83618763961281,29.756097560975608,0.14634146341463414,1310.6417736160338,0.12481532653386136,0.4328548430372954,14908,88.1504257332072
brunswick county,81,193,16520,8231,1769,4546,20.4,640,661,847,36,73,94,19,8,566.2335896446783,Brunswick General District Court,025,51025,0.04578858111927643,21.491920787267645,36.17863199547767,1.1283783783783783,14.540255169379673,5.127118644067796,18.65284974093264,20.212765957446805,0.0851063829787234,29.175238456564532,0.26821774127849596,0.3066983340493963,6731,40.74455205811138
buchanan county,38,63,21788,11579,1944,4636,28.4,612,1164,882,NA,18,52,16,NA,502.8543968985803,Buchanan General District Court,027,51027,0.01954732510288066,16.789014595388203,31.48148148148148,1.7186629526462396,25.107851596203624,4.048099871488893,NA,30.76923076923077,NA,43.3286456962101,0.5060805121429197,0.49880763043482224,20666,94.8503763539563
buckingham county,67,143,17059,7444,1445,3716,15.8,512,666,555,8,43,96,23,5,579.622523362173,Buckingham General District Court,029,51029,0.04636678200692042,19.411606663084363,35.43252595155709,1.1049645390070921,17.92249730893434,3.25341461984876,5.594405594405594,23.958333333333336,0.052083333333333336,29.431223447024,0.1899758825577302,0.13902412530670036,10438,61.1876428864529
buena vista city,91,163,6484,2866,806,1977,25.5,409,522,892,19,83,58,22,7,6.438156221644416,Buena Vista General District Court,530,51530,0.11290322580645161,28.12281926029309,50.744416873449126,0.6516393442622951,26.403641881638844,13.756940160394818,11.65644171779141,37.93103448275862,0.1206896551724138,1007.1206377691585,0,0,5714,88.12461443553362
campbell county,840,1575,55225,25872,5829,13547,11,2159,2780,2800,589,1165,390,141,82,503.20730855867635,Campbell General District Court,031,51031,0.14410705095213588,22.530148423005567,37.03894321495969,0.9570164348925411,20.521148593784602,5.070167496604799,37.39682539682539,36.15384615384615,0.21025641025641026,109.74602129325096,0.20196063121625116,0.43162639468594854,43941,79.56722498868267
caroline county,203,416,30381,12268,2277,5748,8.8,995,1572,1055,67,244,198,75,27,527.609700986657,Caroline General District Court,033,51033,0.08915239350021958,18.560482556243887,43.69784804567413,0.7648705388383485,27.348643006263046,3.4725650900233695,16.105769230769234,37.878787878787875,0.13636363636363635,57.58233774546977,0.1404384822091749,0.3570683842972559,19206,63.217142292880425
carroll county,114,234,29801,16749,2683,5960,14.6,936,1306,803,19,90,136,31,13,474.74441948208175,Carroll General District Court,035,51035,0.04248975027953783,16.018866798017793,34.886321282146845,0.6799037304452467,21.91275167785235,2.694540451662696,8.11965811965812,22.794117647058822,0.09558823529411764,62.77272312650065,0.5358052563854285,0.3900333761144043,28163,94.5035401496594
charles city county,16,25,7014,3359,466,1167,13.2,206,244,238,2,9,21,8,2,182.90105773072855,Charles City General District Court,036,51036,0.034334763948497854,13.873176540637095,44.20600858369099,0.7291479820627803,20.908311910882603,3.3932135728542914,8,38.095238095238095,0.09523809523809523,38.34860272009025,0.16855478346318525,0.25263834271467855,2970,42.34388366124893
charlotte county,84,193,12040,6345,1339,3863,23.7,542,400,344,34,103,89,31,6,475.2956660302802,Charlotte General District Court,037,51037,0.06273338312173264,21.103230890464932,40.477968633308436,1,10.354646647683149,2.857142857142857,17.616580310880828,34.831460674157306,0.06741573033707865,25.33160064462476,0.16630794489232031,0.3683553597650514,8172,67.87375415282392
charlottesville city,624,1125,47096,20642,10640,25182,24.1,5177,9630,10577,291,752,274,104,45,10.244668691721015,Charlottesville General District Court,540,51540,0.058646616541353384,51.545392888286024,48.65601503759399,0.44418514196810577,38.24160114367405,22.458382877526752,25.866666666666667,37.95620437956204,0.16423357664233576,4597.122797934843,0.342121190953398,0.3576510470336041,30961,65.74019024970274
chesapeake city,5524,11389,239982,90802,24309,63815,8.6,12568,17790,17677,5749,9920,1186,521,222,338.5103858199194,Chesapeake General District Court,550,51550,0.2272409395697067,26.771436752494438,51.70101608457773,0.48872755063049295,27.877458277834364,7.365969114350243,50.478531916761796,43.92917369308601,0.18718381112984822,708.9354124799748,0.3923204098858172,0.28718920050155644,137813,57.42639031260678
chesterfield county,7017,14341,343551,130707,30273,80440,6.8,13880,19815,21575,7259,12605,1450,457,319,423.55639742128545,Chesterfield General District Court,041,51041,0.23179070458824697,23.160963070072757,45.84943679186073,0.5873239436619718,24.633267031327698,6.279999184982725,50.61711177742138,31.517241379310345,0.22,811.11040251457,0.3899870760365301,0.4611049837969808,212269,61.786750729877085
clarke county,41,70,14423,6345,1403,3203,7.6,708,601,461,7,46,46,26,4,175.9329118153091,Clarke General District Court,043,51043,0.029223093371347115,22.11189913317573,50.46329294369208,0.5079435127978817,18.76365906962223,3.1962837135131386,10,56.52173913043478,0.08695652173913043,81.98011305093945,0.04814268425153836,0.3350729724088524,12422,86.12632600707204
colonial heights city,582,1132,17428,7734,2610,6494,12.1,1603,1947,848,406,979,202,95,36,7.519429143323091,Colonial Heights General District Court,570,51570,0.22298850574712645,33.74709076803724,61.4176245210728,0.5731639977912756,29.981521404373268,4.865733302731237,35.86572438162544,47.02970297029702,0.1782178217821782,2317.7291344616588,0.3188415331153269,0.25038250669386714,12604,72.32040394767041
craig county,15,31,5110,2909,541,1138,8.9,169,287,193,NA,12,24,8,NA,328.0982097948635,Craig General District Court,045,51045,0.027726432532347505,18.59745617050533,31.23844731977819,0.7031055900621118,25.21968365553603,3.776908023483366,NA,33.33333333333333,NA,15.574604942815505,0,0,5040,98.63013698630137
culpeper county,368,857,51101,18729,4659,12959,7.8,2195,2554,1841,265,589,275,111,57,379.1867476147863,Culpeper General District Court,047,51047,0.0789869070616012,24.875860964279994,47.113114402232235,0.6019719771665801,19.708310826452657,3.6026692236942526,30.921820303383896,40.36363636363636,0.20727272727272728,134.7647308916851,0.27127449466111975,0.3443699765094273,35903,70.25889904307157
cumberland county,51,97,9824,4723,1039,2358,17.8,537,188,325,2,28,79,17,2,297.50171168740115,Cumberland General District Court,049,51049,0.04908565928777671,21.998729621003598,51.684311838306066,0.8869294605809128,7.9728583545377445,3.308224755700326,2.0618556701030926,21.518987341772153,0.02531645569620253,33.02165874703448,0.11848471645385825,0.4885592717059436,6223,63.34486970684039
danville city,1211,2727,41070,22072,8873,19373,22.4,4020,4028,2510,781,1569,476,174,87,42.79730976370123,Danville General District Court,590,51590,0.13648146061084188,40.20025371511417,45.30598444719937,1.0317700453857792,20.791823672120994,6.111516922327733,28.63953061972864,36.554621848739494,0.18277310924369747,959.6397583577495,0.33600326124375374,0.3620490558640001,17409,42.38860482103725
dickenson county,29,46,14756,7577,1404,3414,25.7,623,380,489,1,4,33,4,1,330.450561529607,Dickenson General District Court,051,51051,0.020655270655270654,18.529761119176456,44.37321937321938,1.3097345132743363,11.130638547158759,3.313906207644348,2.1739130434782608,12.121212121212121,0.030303030303030304,44.65418346301682,0.4416384774866825,0.4368410361220769,14401,97.59419896991054
dinwiddie county,391,828,28485,11758,2374,6376,12.1,1017,1486,1724,388,649,184,56,23,503.88412363747926,Dinwiddie General District Court,053,51053,0.16470092670598147,20.190508589896243,42.83909014321819,0.8340248962655602,23.306148055207025,6.052308232403019,46.85990338164252,30.434782608695656,0.125,56.53085434478505,0.248891850133504,0.611920360032391,17619,61.85360716166404
emporia city,137,243,5442,2385,1249,3081,27,725,714,240,28,132,95,37,14,6.9039201377025625,Emporia General District Court,595,51595,0.10968775020016013,52.36897274633123,58.04643714971978,0.871859296482412,23.17429406037001,4.410143329658213,11.522633744855968,38.94736842105263,0.14736842105263157,788.2478202899592,0.46245183457014694,0.5576786403232684,1331,24.45791988239618
essex county,153,306,10998,5855,1499,3911,16.8,725,1001,443,116,207,79,25,13,257.08818082986556,Essex General District Court,057,51057,0.10206804536357572,25.602049530315966,48.36557705136758,0.6258840169731259,25.594477115827154,4.028005091834879,37.908496732026144,31.645569620253166,0.16455696202531644,42.779096123746726,0.18458869206018932,0.3976653136135895,6032,54.84633569739953
falls church city,37,82,14128,6004,2289,5128,3.2,942,1783,886,26,79,24,21,8,2.0464426072073456,Falls Church General District Court,610,51610,0.01616426387068589,38.12458361092605,41.15334207077326,0.1920979524642453,34.769890795631824,6.2712344280860695,31.70731707317073,87.5,0.3333333333333333,6903.687379378605,0.2745844212882188,0.28290028870369455,10135,71.73697621744054
fauquier county,293,566,69728,26894,5333,14222,5.8,1871,3154,3400,114,388,236,90,29,648.0060518424775,Fauquier General District Court,061,51061,0.05494093380836302,19.829701792221314,35.083442715169696,0.3766539253160835,22.176909014203346,4.876089949518128,20.141342756183743,38.13559322033898,0.1228813559322034,107.60393333016285,0.17133174520466077,0.2676152798105159,55749,79.9520995869665
floyd county,45,99,15704,8048,1226,3094,10.3,340,419,292,1,38,66,14,1,380.92284130571875,Floyd General District Court,063,51063,0.0367047308319739,15.233598409542742,27.732463295269167,0.6932153392330384,13.542340012928248,1.859398879266429,1.0101010101010102,21.21212121212121,0.015151515151515152,41.22619674412325,0.09521857923497268,0.4550599673550493,14640,93.22465613856342
fluvanna county,48,92,26594,10948,1491,3582,5.5,436,907,1690,5,29,77,18,3,287.11730876292444,Fluvanna General District Court,065,51065,0.03219315895372234,13.618925831202047,29.242119382964454,0.6801169590643275,25.321049692908986,6.354816875987064,5.434782608695652,23.376623376623375,0.03896103896103896,92.62416158253603,0.22432017237443183,0.25733090004857984,20789,78.17176806798525
franklin city,304,610,8147,3847,1706,3950,14.7,895,654,376,215,188,117,40,14,8.277341892034176,Franklin City General District Court,620,51620,0.17819460726846426,44.3462438263582,52.461899179366945,0.7232968881412952,16.556962025316455,4.615195777586842,35.24590163934426,34.18803418803419,0.11965811965811966,984.2531704339032,0.5896614573530987,0.18366078366078364,3003,36.86019393641831
franklin county,230,463,56187,29898,4199,10254,14.5,1665,2419,2983,53,188,259,58,17,690.6221349047897,Franklin County General District Court,067,51067,0.05477494641581329,14.044417686801793,39.652298166230054,0.7226061204343535,23.59079383655159,5.309057255236977,11.447084233261338,22.393822393822393,0.06563706563706563,81.3570795956982,0.359674280963231,0.3291962442540791,48995,87.19988609464822
frederick county,417,814,86415,34161,7053,17090,6.2,2509,3544,3742,177,571,287,110,32,413.16869757046373,Frederick General District Court,069,51069,0.0591237771161208,20.646351102134012,35.57351481639019,0.8395522388059702,20.737273259215915,4.330266736099056,21.744471744471745,38.32752613240418,0.11149825783972125,209.15185615014406,0.34775419310034184,0.3046856538999103,72104,83.43921772840363
fredericksburg city,1132,2329,28622,11725,6945,16130,15.5,3303,5905,4448,937,2142,214,96,47,10.450691646034976,Fredericksburg General District Court,630,51630,0.16299496040316774,59.23240938166311,47.559395248380135,0.5070536074163644,36.60880347179169,15.540493326811545,40.231859167024474,44.85981308411215,0.21962616822429906,2738.7660998360116,0.2961796918113807,0.19560450792544423,17006,59.41583397386626
galax city,46,92,6517,3327,849,1755,23.8,431,348,323,8,32,48,19,4,8.236360622660776,Galax General District Court,640,51640,0.05418138987043581,25.51848512173129,50.765606595995294,0.7694369973190348,19.82905982905983,4.956268221574344,8.695652173913043,39.58333333333333,0.08333333333333333,791.247530137245,0.07502622917834406,0.13649007397552215,5154,79.08546877397575
giles county,145,266,16772,8357,1723,4166,10.2,495,894,602,62,161,96,31,8,357.2237412982708,Giles General District Court,071,51071,0.08415554265815438,20.617446452076106,28.728961114335462,0.8073817762399077,21.459433509361496,3.589315525876461,23.308270676691727,32.29166666666667,0.08333333333333333,46.950966749984005,0.3870993222944103,0.2654261559796204,15921,94.92606725494872
gloucester county,324,645,37222,16571,3217,7941,8.8,1363,1867,2200,258,527,158,74,24,217.80977179007115,Gloucester General District Court,073,51073,0.1007149518184644,19.413433106028606,42.36866645943426,0.754874651810585,23.510892834655586,5.910483047659986,40,46.835443037974684,0.1518987341772152,170.89224094075638,0.1655916946841222,0.16452777927215306,31586,84.85841706517651
goochland county,48,118,22865,9290,1286,3113,5.2,345,788,821,26,81,56,23,4,280.63063803266124,Goochland General District Court,075,51075,0.03732503888024884,13.842841765339076,26.827371695178847,0.650511577813678,25.31320269836171,3.590640717253444,22.033898305084744,41.07142857142857,0.07142857142857142,81.47720491352356,0.2514567523749894,0.32181743519974115,17776,77.7432757489613
grayson county,46,89,15742,9239,1216,2901,20.9,379,481,529,5,33,68,19,4,441.78535337672014,Grayson General District Court,077,51077,0.03782894736842105,13.161597575495184,31.167763157894733,0.8137715179968701,16.580489486384007,3.3604370473891505,5.617977528089887,27.941176470588236,0.058823529411764705,35.632688769961206,0.4518130483597896,0.2700482197515084,14117,89.67729640452293
greene county,39,119,19519,8291,1691,4072,6.4,436,1317,831,10,46,76,24,8,155.93318478953628,Greene General District Court,079,51079,0.023063276167947958,20.395609697262092,25.783560023654644,0.7299498746867168,32.34282907662083,4.257390235155489,8.403361344537815,31.57894736842105,0.10526315789473684,125.17540782832648,0.17068777047545444,0.17681197972254767,16130,82.63743019621906
greensville county,154,263,11525,4190,974,2522,15.3,298,582,507,78,91,74,25,5,295.22705258761613,Greensville General District Court,081,51081,0.15811088295687886,23.24582338902148,30.59548254620123,1.1266490765171504,23.076923076923077,4.399132321041215,29.65779467680608,33.78378378378378,0.06756756756756757,39.03775043304903,0.11216722945334937,0.37814035867405627,4192,36.37310195227766
halifax county,180,409,34552,18212,3664,8134,13.9,1437,921,1331,86,192,175,45,20,817.7308347478507,Halifax General District Court,083,51083,0.04912663755458515,20.118603118822755,39.21943231441048,1.1090909090909091,11.322842389968034,3.8521648529752253,21.026894865525673,25.71428571428571,0.11428571428571428,42.25351244172441,0.27569097661033515,0.4627596350358722,20637,59.72736744616809
hampton city,7504,16079,135041,60140,23927,55780,15.2,11832,17743,13176,7909,14442,1247,500,232,51.4581294794366,Hampton General District Court,650,51650,0.3136205959794375,39.78550049883605,49.450411668826014,0.5620915032679739,31.808892076012906,9.757036751801305,49.1883823620872,40.0962309542903,0.18604651162790697,2624.2889387179202,0.376959159151259,0.2821492583965391,51544,38.16914862893492
hanover county,568,1257,105537,41357,6813,16893,5.3,2493,4029,6565,498,983,319,131,48,467.8856675055766,Hanover General District Court,085,51085,0.08337002788786144,16.473632033271272,36.591809775429326,0.5841733870967742,23.850115432427632,6.220567194443655,39.618138424821005,41.06583072100313,0.15047021943573669,225.56151498002905,0.2575785132760524,0.34533452583513236,88462,83.82084008452011
henrico county,10412,22988,327535,137141,47975,111916,9.1,22107,32340,18683,12569,20900,1605,617,383,233.67602499795268,Henrico General District Court,087,51087,0.21702970297029703,34.9822445512283,46.080250130276184,0.6059036768513724,28.896672504378284,5.704123223472301,54.67635287976336,38.442367601246104,0.23862928348909657,1401.6628364115218,0.5611079044803201,0.4039835763902052,173865,53.0828766391378
henry county,454,861,51308,26196,5956,13571,18.1,2259,2597,2028,100,487,365,115,45,382.35103049315165,Henry General District Court,089,51089,0.07622565480188045,22.73629561765155,37.92813969106783,1.18664047151277,19.13639378085624,3.9525999844078896,11.614401858304298,31.506849315068493,0.1232876712328767,134.1908244207517,0.26861842003185715,0.346953793684492,35831,69.83511343260311
highland county,6,6,2204,2006,184,384,10.1,49,44,20,NA,NA,5,NA,NA,415.1628735282606,Highland General District Court,091,51091,0.03260869565217391,9.172482552342972,26.6304347826087,0.665948275862069,11.458333333333332,0.9074410163339384,NA,NA,NA,5.308759863976544,0,0,2189,99.31941923774956
hopewell city,1389,2683,22456,10323,4912,12239,23.6,2178,3219,1278,960,2102,381,149,66,10.354360701502836,Hopewell General District Court,670,51670,0.28277687296416937,47.58306693790565,44.340390879478825,0.6916471506635441,26.301168396110793,5.6911293195582475,35.78084234066344,39.107611548556434,0.1732283464566929,2168.748090525833,0.19806455942098167,0.16685947777732213,10434,46.464196651229074
isle of wight county,657,1239,36627,15678,3532,8527,10.5,1365,1806,2254,681,1039,142,77,32,315.6799361356139,Isle of Wight General District Court,093,51093,0.18601359003397508,22.528383722413572,38.64665911664779,0.5425752855659398,21.179781869356162,6.153930160810331,54.9636803874092,54.22535211267606,0.22535211267605634,116.02574572324197,0.21304867973991437,0.2943102196553284,25885,70.67190870123133
king george county,185,378,26229,10078,1955,5654,5.1,747,2008,1110,82,135,121,48,20,179.62786547165987,King George General District Court,099,51099,0.09462915601023018,19.39869021631276,38.209718670076725,0.7068461088355764,35.51467987265652,4.231956994166762,21.693121693121693,39.66942148760331,0.1652892561983471,146.01854746271638,0.15676461787466373,0.2393461725905932,19258,73.422547561859
king william county,62,122,16688,6983,768,2225,8.4,174,273,1047,15,52,83,28,8,273.927597196296,King William General District Court,101,51101,0.08072916666666667,10.998138335958757,22.65625,0.6719442685243825,12.269662921348315,6.273969319271333,12.295081967213115,33.734939759036145,0.0963855421686747,60.92120754098905,0.30062496976783615,0.2692498422064466,12811,76.76773729626079
king and queen county,28,61,7042,3489,446,1220,12.4,69,184,301,7,14,52,10,4,315.1629604012466,King and Queen General District Court,097,51097,0.06278026905829596,12.783032387503582,15.47085201793722,0.9480901077375122,15.081967213114755,4.274353876739562,11.475409836065573,19.230769230769234,0.07692307692307693,22.343996233042574,0.2807461261740327,0.19314695887871416,4659,66.16018176654359
lancaster county,92,178,10724,7625,1222,2378,9.8,392,731,352,42,112,62,31,8,133.29747654052926,Lancaster General District Court,103,51103,0.07528641571194762,16.02622950819672,32.0785597381342,0.5887345679012346,30.740117746005048,3.282357329354718,23.595505617977526,50,0.12903225806451613,80.4516355321952,0.14335183312683158,0.36114783275827583,7237,67.48414770607982
lee county,98,205,23948,11798,2672,6532,25.5,1130,1788,949,12,60,115,27,9,435.37744130947937,Lee General District Court,105,51105,0.036676646706586824,22.647906424817766,42.290419161676645,1.0035971223021583,27.372933251684017,3.9627526306998497,5.853658536585367,23.47826086956522,0.0782608695652174,55.00514663316477,0.797720381003477,0.7209215846952213,22247,92.8971104058794
loudoun county,1779,3693,395134,133063,28237,75772,3.4,12223,20506,24420,1517,3294,519,159,68,515.7654631695026,Loudoun General District Court,107,51107,0.06300244360236569,21.22077512155896,43.28717639975918,0.34431964647394586,27.062767249115765,6.180181912971296,41.07771459518007,30.63583815028902,0.13102119460500963,766.11178571711,0.28335622198330096,0.3721194019203655,221708,56.109572954997546
louisa county,294,612,36040,17438,2768,7466,11.8,1145,1708,1385,236,459,180,59,15,496.13229921789986,Louisa General District Court,109,51109,0.10621387283236994,15.873379974767749,41.365606936416185,0.6462068965517241,22.877042593088667,3.8429522752497225,38.56209150326798,32.77777777777778,0.08333333333333333,72.64191437810692,0.23494376308550763,0.30908591091873966,28126,78.0410654827969
lunenburg county,58,128,12282,5995,1211,3226,16.4,529,276,316,10,28,91,18,4,431.69994062907085,Lunenburg General District Court,111,51111,0.04789430222956235,20.200166805671394,43.682906688687034,1.0058910162002945,8.555486670799752,2.5728708679368184,7.8125,19.78021978021978,0.04395604395604396,28.450316629885876,0.07548150890970882,0.43140515620948927,7296,59.40400586223742
lynchburg city,2198,4457,80569,32410,14499,35122,19.5,7070,9603,17574,1490,3147,883,360,250,48.97417559563304,Lynchburg General District Court,680,51680,0.1515966618387475,44.736192533168776,48.76198358507483,0.549711353431687,27.341837025226358,21.812359592399062,33.430558671752294,40.770101925254814,0.28312570781426954,1645.1323380149809,0.3932592689176009,0.27611987535112953,50230,62.344077747024286
madison county,39,78,13170,6079,1264,3321,6.6,442,717,461,2,27,61,19,2,320.63765042009265,Madison General District Court,113,51113,0.030854430379746837,20.792893568021057,34.96835443037975,0.39988358556461,21.58988256549232,3.5003796507213365,2.564102564102564,31.147540983606557,0.03278688524590164,41.07440278066205,0.02479246362976483,0.01441450604465618,11148,84.64692482915717
martinsville city,449,937,12852,7067,2439,5268,23.9,1150,1402,493,200,564,214,97,39,10.95627041684091,Martinsville General District Court,690,51690,0.1840918409184092,34.512522994198385,47.15047150471505,0.8541666666666666,26.613515565679574,3.835978835978836,21.344717182497334,45.32710280373832,0.1822429906542056,1173.0269070618374,0.35388366517724545,0.481984975883466,5654,43.993152816682226
mathews county,24,56,8788,5751,589,1339,11.4,305,321,197,5,21,41,15,3,85.91022329407613,Mathews General District Court,115,51115,0.04074702886247878,10.241697096157191,51.782682512733444,0.6539007092198581,23.9731142643764,2.241693218024579,8.928571428571429,36.58536585365854,0.07317073170731707,102.292831551818,0.34042619358604487,0.3629200097601585,7532,85.70778334091943
mecklenburg county,218,403,30728,18983,3495,8995,19,1129,1243,726,74,137,187,47,7,625.3095761328016,Mecklenburg General District Court,117,51117,0.06237482117310444,18.41121003002687,32.3032904148784,0.9639389736477115,13.818788215675376,2.36266597240302,18.36228287841191,25.13368983957219,0.0374331550802139,49.14045965845575,0.14338350605349218,0.23277101599846028,18439,60.00715959385576
middlesex county,41,76,10675,7320,982,2780,10,261,651,431,7,31,64,24,5,130.33038568787245,Middlesex General District Court,119,51119,0.04175152749490835,13.415300546448087,26.578411405295316,0.6224188790560472,23.41726618705036,4.037470725995316,9.210526315789473,37.5,0.078125,81.90722327459002,0.2469814517893764,0.23227160677727177,8278,77.54566744730678
montgomery county,992,1955,98140,40264,15927,39021,23.5,7005,16504,28978,754,1622,392,213,71,386.8440835693415,Montgomery/Christiansburg General District Court,121,51121,0.06228417153261757,39.556427577985296,43.9819174985873,0.5403050108932462,42.29517439327542,29.5272060321989,38.56777493606138,54.33673469387755,0.18112244897959184,253.69394070727333,0.26716958518795336,0.2543165302009245,81718,83.26676176890156
nelson county,58,113,14831,10175,1515,3438,13,406,369,510,13,24,80,22,5,470.7452246595264,Nelson General District Court,125,51125,0.03828382838283828,14.889434889434888,26.798679867986795,0.5348837209302325,10.732984293193718,3.4387431730834064,11.504424778761061,27.500000000000004,0.0625,31.505364734664585,0.3135054685843329,0.2883061851993891,12025,81.08016991436855
new kent county,56,100,21686,8480,1075,3190,6.9,470,843,1080,5,43,80,31,4,210.0357434074697,New Kent General District Court,127,51127,0.052093023255813956,12.67688679245283,43.72093023255814,0.4922027290448343,26.426332288401255,4.9801715392419075,5,38.75,0.05,103.24909297904178,0.02924248046744589,0.19446323391933656,17121,78.94955270681547
norfolk city,12855,26991,244601,97670,50014,120166,18.7,24925,39234,29129,12270,19438,2780,1013,677,53.27492662997177,Norfolk General District Court,710,51710,0.25702803215099773,51.20712603665404,49.836045907146,0.46651982378854623,32.64983439575254,11.90878205730966,45.459597643659,36.43884892086331,0.2435251798561151,4591.296797063831,0.524101863900207,0.31884971818854246,106261,43.44258608918197
northampton county,47,120,11885,7396,1792,4374,18,614,322,345,15,46,64,21,8,211.71896735741757,Northampton General District Court,131,51131,0.026227678571428572,24.229313142239047,34.263392857142854,0.5474234503360716,7.361682670324646,2.9028186790071517,12.5,32.8125,0.125,56.135735727144855,0.12532742424158724,0.0526621378475737,6445,54.22801851072781
northumberland county,43,75,12190,9277,603,1472,14.6,257,475,412,9,24,58,16,5,191.44027959047378,Northumberland General District Court,133,51133,0.07131011608623548,6.499946103266143,42.62023217247098,0.6514806378132119,32.26902173913043,3.3798195242001645,12,27.586206896551722,0.08620689655172414,63.675209971886105,0.1761813573066272,0.3067341995839688,8499,69.72108285479901
nottoway county,122,267,15433,6775,1924,4705,18.3,769,816,569,53,155,132,44,16,314.3897004777744,Nottoway General District Court,135,51135,0.06340956340956341,28.398523985239855,39.96881496881497,1.070931849791377,17.3432518597237,3.6869046847664095,19.850187265917604,33.33333333333333,0.12121212121212122,49.088758240319734,0.19583749727935165,0.15112081772372346,8383,54.318667789801076
orange county,204,400,36010,15142,2902,8256,8.2,1141,2419,1727,71,194,219,81,17,341.11175375670643,Orange General District Court,137,51137,0.07029634734665748,19.165235768062345,39.31771192281185,0.6058931860036832,29.299903100775193,4.795890030547071,17.75,36.986301369863014,0.0776255707762557,105.56657635926456,0.17909834284404885,0.07909598104549137,28117,78.08108858650374
page county,159,379,23788,11747,2686,6994,15.1,1025,1602,843,18,111,225,52,13,310.02061476653114,Page General District Court,139,51139,0.05919583023082651,22.865412445730826,38.1608339538347,0.6220472440944882,22.905347440663427,3.5438035984530014,4.749340369393139,23.11111111111111,0.057777777777777775,76.73038135839501,0.5313556792500485,0.2438782083099772,22376,94.06423406759711
patrick county,52,118,17748,10224,1631,3595,14.2,586,797,681,7,47,69,15,5,482.95439774414405,Patrick General District Court,141,51141,0.03188228080931944,15.95266040688576,35.928877988963826,0.8047752808988764,22.169680111265645,3.8370520622041924,5.932203389830509,21.73913043478261,0.07246376811594203,36.74881123952908,0.2162451007654289,0.19665560420443096,15921,89.70588235294117
petersburg city,3237,7333,31362,16367,8053,18071,24.1,4119,6270,1711,3218,6403,667,254,160,22.720288174297018,Petersburg General District Court,730,51730,0.40196200173848257,49.202663896865644,51.148640258288836,0.7273425499231951,34.69647501521776,5.455646961290734,43.88381290058639,38.08095952023988,0.239880059970015,1380.3522102980705,0.3260390541877093,0.45736765367118065,4726,15.06919201581532
pittsylvania county,342,699,61256,31650,6467,15336,16.1,2289,3833,2249,132,309,291,91,34,969.0027772714477,Pittsylvania General District Court,143,51143,0.05288387196536261,20.432859399684045,35.39508272769445,0.9744623655913979,24.993479394887846,3.671477079796265,18.88412017167382,31.27147766323024,0.11683848797250859,63.215505091210176,0.229625103588191,0.3015646833070966,45367,74.06131644247094
portsmouth city,5780,11579,95097,40907,16371,39942,16.8,8462,9612,5887,4711,9275,1613,606,300,33.30062018431668,Portsmouth General District Court,740,51740,0.3530633437175493,40.02004546899064,51.68896218923707,0.49809885931558934,24.064894096439836,6.190521257242605,40.68572415579929,37.56974581525109,0.1859888406695598,2855.712580535874,0.5146772530974173,0.3828222511792751,35818,37.66470025342545
powhatan county,98,186,28815,10893,1012,2645,5.4,260,304,1180,21,51,127,24,14,260.2049271963836,Powhatan General District Court,145,51145,0.09683794466403162,9.290369962361149,25.691699604743086,0.4673342870767763,11.493383742911153,4.0950893631789,11.29032258064516,18.89763779527559,0.11023622047244094,110.73964013853032,0.5345854922279791,0.3326623995138895,24704,85.73312510845045
prince edward county,254,525,22905,9435,2560,6267,18.6,1056,981,5492,94,312,171,47,25,349.96144229388545,Prince Edward General District Court,147,51147,0.09921875,27.133015368309486,41.25,0.9683544303797469,15.653422690282431,23.977297533289672,17.904761904761905,27.485380116959064,0.14619883040935672,65.45006744133023,0.10884723466663836,0.5202454888789385,14074,61.44509932329186
prince george county,701,1451,38114,12475,3733,11918,8.1,1648,3384,2544,555,1076,173,91,30,265.3418511845672,Prince George General District Court,149,51149,0.18778462362710957,29.923847695390783,44.14679882132333,0.8198529411764706,28.394025843262295,6.674712703993284,38.24948311509304,52.601156069364166,0.17341040462427745,143.64111741079458,0.2095961180571166,0.4252007674833781,20912,54.866978013328435
prince william county,5551,11397,461423,148874,37939,116581,6.6,18583,29637,34169,4039,9678,1682,427,246,335.74465651019784,Prince William General District Court,153,51153,0.14631381955243944,25.48396630707847,48.98125939007354,0.42718204488778055,25.421809728858047,7.405135851485513,35.4391506536808,25.386444708680145,0.14625445897740785,1374.3271592052422,0.3677847435078968,0.4523744234721179,198161,42.94562689766223
pulaski county,457,759,34182,17304,4163,9469,14.8,1238,2239,1370,103,523,268,121,42,319.8381629629881,Pulaski General District Court,155,51155,0.10977660341100168,24.05802126675913,29.738169589238527,0.7523809523809524,23.64558031471116,4.007957404481891,13.570487483530963,45.149253731343286,0.15671641791044777,106.87279992899272,0.19824315539291856,0.4261125407357655,31029,90.77584693698438
radford city,235,475,17691,6518,2977,7874,36.3,1566,2903,7231,68,377,109,60,20,9.676386930117555,Radford General District Court,750,51750,0.07893852872018811,45.673519484504446,52.603291904601946,0.6102263202011735,36.86817373634747,40.873890678876265,14.315789473684209,55.04587155963303,0.1834862385321101,1828.2650464231774,0.3614155344965987,0.2541558435545184,14735,83.29093889548358
rappahannock county,7,20,7378,3979,751,2058,8.8,315,233,243,NA,2,19,2,NA,266.3722369998534,Rappahannock General District Court,157,51157,0.009320905459387484,18.874088967077153,41.944074567243675,0.4361306324927656,11.321671525753159,3.293575494714015,NA,10.526315789473683,NA,27.698081763693942,0.18511580030880084,0.0902703352156674,6525,88.43860124695038
richmond city,15134,32208,226622,100458,51807,124883,23.2,26886,36119,26574,15285,25933,2379,1228,681,59.92305022559756,Richmond City General District Court,760,51760,0.29212268612349684,51.57080570984889,51.89646186808733,0.4397254397254397,28.92227124588615,11.726134267635093,47.45715350223547,51.618327028163094,0.2862547288776797,3781.8835848111253,0.5834709022996993,0.6703701124682198,92454,40.796568735603785
richmond county,35,72,8884,3962,923,2186,17.3,395,516,454,6,34,45,14,6,191.47787783272054,Richmond County General District Court,159,51159,0.03791982665222102,23.296314992428066,42.79523293607801,0.7109723461195361,23.604757548032936,5.110310670868978,8.333333333333332,31.11111111111111,0.13333333333333333,46.39700471174673,0.00954045985571916,0.17383410560439752,5380,60.558307068887885
roanoke city,3704,7333,99229,47010,20261,46523,20.8,9897,13520,4622,2022,5540,1306,554,304,42.521221236499116,Roanoke City General District Court,770,51770,0.18281427372785153,43.09934056583706,48.84753960811411,0.5814285714285714,29.060894611267546,4.657912505416763,27.57398063548343,42.41960183767228,0.2327718223583461,2333.634761995603,0.5895600260026743,0.34927687998012363,58052,58.50305858166463
roanoke county,590,1176,93823,40924,9631,20287,6.9,3826,5148,4370,282,878,378,154,59,250.5441268243665,Roanoke County General District Court,161,51161,0.061260512927006544,23.533867657120517,39.725885162496105,0.500261643118786,25.37585645980184,4.65770653251335,23.97959183673469,40.74074074074074,0.15608465608465608,374.4769481895327,0.3043066291669718,0.3661680110213459,80507,85.8073180350234
russell county,69,138,27141,13547,2580,5988,21.1,812,998,917,3,52,103,34,3,473.52353124711266,Russell General District Court,167,51167,0.026744186046511628,19.044806968332473,31.472868217054263,0.9525368248772504,16.666666666666664,3.3786522235731917,2.1739130434782608,33.00970873786408,0.02912621359223301,57.317109307153345,0.4719022040191592,0.3813585436462878,26248,96.70977487933385
salem city,440,879,25317,10840,3610,7284,9.1,1408,1576,2845,287,678,191,81,38,14.518487555985296,Salem General District Court,775,51775,0.12188365650969529,33.30258302583026,39.0027700831025,0.4802735402419779,21.636463481603517,11.237508393569538,32.65073947667804,42.40837696335078,0.19895287958115182,1743.7766780027291,0.4173574769601261,0.262555222343683,21593,85.29051625390053
scott county,38,95,21902,11964,1986,4185,15.5,594,752,564,3,38,71,24,2,535.8272873917838,Scott General District Court,169,51169,0.019133937562940583,16.599799398194584,29.909365558912388,0.8100719424460432,17.968936678614096,2.575107296137339,3.1578947368421053,33.80281690140845,0.028169014084507043,40.87511128186683,0.41669590479000457,0.384670953585431,21163,96.62587891516756
shenandoah county,343,608,43224,21221,5058,12387,11.5,2249,3724,1763,112,286,271,94,21,508.0719926859895,Shenandoah General District Court,171,51171,0.06781336496638987,23.83488054285849,44.4642151047845,0.7328990228013029,30.063776539920884,4.078752544882472,18.421052631578945,34.686346863468636,0.07749077490774908,85.07455758679126,0.23772475214249705,0.33449063259599304,37870,87.6133629465112
smyth county,183,385,30767,15398,3616,8187,18.9,1398,2030,1115,17,125,204,43,9,451.350389216074,Smyth General District Court,173,51173,0.05060840707964602,23.4835692947136,38.661504424778755,0.9159159159159159,24.7954073531208,3.624012740923717,4.415584415584416,21.07843137254902,0.04411764705882353,68.16655249469827,0.4602089489913915,0.33664328530675625,28960,94.12682419475412
southampton county,143,305,17880,7627,1652,4251,9,593,894,569,85,213,112,43,12,599.1957148374543,Southampton General District Court,175,51175,0.08656174334140436,21.659892487216467,35.89588377723971,0.6431342125678821,21.030345800988005,3.1823266219239374,27.86885245901639,38.392857142857146,0.10714285714285714,29.839999781791438,0.14808790337182776,0.28428863378219704,10913,61.03467561521253
spotsylvania county,1250,2488,132833,47655,9736,28607,7,4505,7429,7623,782,1869,578,195,78,401.5033964827869,Spotsylvania General District Court,177,51177,0.12838948233360722,20.430175217710627,46.27156943303204,0.7835543766578249,25.969168385360224,5.73878478992419,31.430868167202576,33.73702422145329,0.13494809688581316,330.8390443608483,0.20981817945747971,0.21514607143251657,90457,68.09828882883019
stafford county,1490,3028,146773,49292,10648,30844,4.4,4755,9660,10577,1269,2515,540,196,80,269.20478978262486,Stafford General District Court,179,51179,0.13993238166791885,21.60188265844356,44.65627347858753,0.5428370786516854,31.318895084943588,7.2063662935281005,41.908850726552174,36.2962962962963,0.14814814814814814,545.209467181156,0.22844211338809103,0.2974624846533081,90361,61.56513800222112
staunton city,359,712,24432,11824,4525,9286,11.1,2004,2817,1342,133,361,231,96,28,19.92048496284597,Staunton General District Court,790,51790,0.07933701657458564,38.26962110960758,44.28729281767956,0.5901302261823167,30.335989661856562,5.492796332678455,18.679775280898877,41.55844155844156,0.12121212121212122,1226.476164890992,0.16391051074460863,0.21337049389441795,19805,81.0617223313687
suffolk city,1929,4013,90093,36769,10556,27070,10.4,5231,7366,5605,1478,2724,825,370,154,399.1534567282375,Suffolk General District Court,800,51800,0.18273967411898445,28.708966792678613,49.55475558923835,0.48584142394822005,27.2109346139638,6.221349050425671,36.830301520059805,44.84848484848485,0.18666666666666668,225.7101835932228,0.4034933407436941,0.3214276721472502,44415,49.299057640438214
surry county,36,83,6523,3575,702,1766,15.9,230,329,262,17,51,48,18,3,278.9494476827905,Surry General District Court,181,51181,0.05128205128205128,19.636363636363637,32.763532763532766,0.6605705925384052,18.629671574178936,4.016556799018856,20.481927710843372,37.5,0.0625,23.384165318074693,0.02679314989463419,0.22934078117004947,3432,52.61382799325464
sussex county,82,183,11377,4797,1170,3192,13.1,460,561,460,33,100,86,29,13,490.22580567069014,Sussex General District Court,183,51183,0.07008547008547009,24.390243902439025,39.31623931623932,1.0905405405405406,17.575187969924812,4.043245143710996,18.0327868852459,33.72093023255814,0.1511627906976744,23.2076726039235,0.15527405466997143,0.3433379560486452,4360,38.322932231695525
tazewell county,205,417,41603,20754,4211,10311,17.5,1147,2167,1768,23,197,197,65,10,518.7907790001043,Tazewell General District Court,185,51185,0.04868202327238186,20.29006456586682,27.238185704108286,1,21.016390262826107,4.249693531716463,5.515587529976019,32.99492385786802,0.050761421319796954,80.19225029439399,0.4227987149391802,0.5075026203439108,39081,93.93793716799269
virginia beach city,12107,24410,450201,184794,61983,153563,7.3,29085,48386,35008,12432,20569,2705,823,560,244.72257498017075,Virginia Beach General District Court,810,51810,0.19532775115757547,33.54167343095555,46.92415662359034,0.5474569483380056,31.508892115939386,7.776082238822216,50.92994674313805,30.425138632162664,0.20702402957486138,1839.6382108862604,0.3758066266778971,0.3305727948898102,277823,61.71088025126554
warren county,341,623,39492,16387,3408,9264,9.9,1399,1874,1879,79,370,254,93,27,214.5342077054331,Warren General District Court,187,51187,0.10005868544600939,20.796973210471712,41.05046948356807,0.6530089628681178,20.228842832469777,4.757925655829029,12.680577849117174,36.61417322834646,0.1062992125984252,184.0825312773645,0.5043084489978781,0.28181326893186287,34266,86.76694013977514
washington county,269,562,54071,25961,5541,12351,14.6,1863,2599,2598,46,245,282,78,16,561.160779078483,Washington General District Court,191,51191,0.048547193647356074,21.343553792226803,33.62208987547374,0.825836216839677,21.042830540037244,4.804793697175935,8.185053380782918,27.659574468085108,0.05673758865248227,96.35562928826451,0.45353088226327665,0.4809422734316801,51546,95.33021397791792
waynesboro city,509,1058,22140,10023,3889,9245,16.8,1665,2130,1077,303,582,215,81,25,14.969796193272085,Waynesboro General District Court,820,51820,0.13088197480071997,38.80075825601118,42.81306248392903,0.6145209580838323,23.039480800432667,4.86449864498645,28.638941398865786,37.67441860465116,0.11627906976744186,1478.9780511474457,0.312696547683022,0.3481185056977385,16635,75.13550135501355
westmoreland county,178,369,17751,10951,2127,4755,14.9,1144,1367,585,129,216,152,42,15,229.32564825297845,Westmoreland General District Court,193,51193,0.08368594264221908,19.422883754908227,53.78467324870711,0.7906588824020017,28.74868559411146,3.295588980902484,34.959349593495936,27.631578947368425,0.09868421052631579,77.40521016828501,0.25469545960210627,0.4151647681526053,11346,63.91752577319587
winchester city,718,1372,27897,11919,5848,14576,16.3,2688,3500,2383,359,1117,226,119,41,9.192897449992145,Winchester General District Court,840,51840,0.12277701778385773,49.064518835472775,45.96443228454172,0.5323232323232323,24.012074643249175,8.542137147363515,26.166180758017493,52.654867256637175,0.18141592920353983,3034.6253889761206,0.3027027113177563,0.3773041575946599,18421,66.03218984120156
wythe county,191,392,28844,14375,2640,6314,14.8,730,1461,1001,71,218,150,54,16,461.92405671670844,Wythe General District Court,197,51197,0.07234848484848484,18.36521739130435,27.65151515151515,1.04,23.139056065885335,3.4703924559700456,18.112244897959183,36,0.10666666666666667,62.44316480293128,0.29868132241791634,0.31789127615798535,27055,93.79767022604354
york county,961,2121,67982,27896,7207,19672,4.9,3350,5588,4916,1068,1880,236,109,39,104.60873198606588,York General District Court,199,51199,0.13334258359927847,25.835245196443935,46.48258637435826,0.6379310344827587,28.405856039040263,7.231325939219205,50.35360678925035,46.186440677966104,0.1652542372881356,649.8692672142834,0.2782181889250656,0.3270255477359531,48071,70.71136477302815
